rule_id,padis_domain,source_page,source_section,source_text,patient_population,subject,relation,relation_candidate,object,recommendation_strength,evidence_quality,source_type,required_clinical_variables,mimic_availability,confidence,review_status,approved?,corrected_subject,corrected_relation,corrected_object,reviewer_note,experiment_usable,negation_present,rejection_reason
D-012,A-PADIS,7,PADIS Full: Agitation/Sedation + Delirium (heuristic section window),"If available, nefopam could be used to reduce the opioid consumption and opioid-associated side effects, such as nausea, after an evalua- tion of the risk-to-benefit ratio of all available analgesic options and patient reassessment for potential side effects (tachycardia, glaucoma, seizure, and delirium) (89–92).",Adult ICU,OpioidExposure,pending,"unknown_relation (subject=OpioidExposure, object=Delirium)",Delirium,pending,pending,recommendation,"CAM-ICU,RASS,delirium_assessment,opioid_exposure",undecided,0.5,pending,,,,,,no,False,
D-014,A-PADIS,9,PADIS Full: Agitation/Sedation + Delirium (heuristic section window),"The outcomes asso- ciated with opioid safety concerns such as ileus, duration of mechanical ventilation, immunosuppression, healthcare- associated infections, delirium, and both ICU and hospital LOS must be evaluated carefully.",Adult ICU,OpioidExposure,associatedWith,associatedWith (cue: associated with),Delirium,pending,pending,pending,"CAM-ICU,RASS,delirium_assessment,opioid_exposure",undecided,0.75,pending,,,,,,no,False,
D-015,A-PADIS,9,PADIS Full: Agitation/Sedation + Delirium (heuristic section window),"This includes analysis of liver and renal toxicities secondary to acetaminophen (all routes), hemodynamic instability second- ary to IV acetaminophen (85), risk of bleeding secondary to non-COX-1–selective NSAIDs, delirium, and neurotoxicity associated with ketamine (105), and hemodynamic alterations with IV lidocaine (100).",Adult ICU,Sedation,associatedWith,associatedWith (cue: associated with),Delirium,pending,pending,pending,"CAM-ICU,RASS,delirium_assessment",undecided,0.75,pending,,,,,,no,False,
D-017,A-PADIS,14,PADIS Full: Agitation/Sedation + Delirium (heuristic section window),"One recent cohort study not considered in the guideline evidence demonstrates that sedation intensity (sum of negative RASS measurements by number of assessments) independently, in an escalating dose-dependent relationship, predicts increased risk of death, delirium, and delayed time to extubation (177).",Adult ICU,Sedation,increasesRiskOf,increasesRiskOf (cue: predicts risk),Delirium,pending,pending,evidence,"CAM-ICU,RASS,delirium_assessment",undecided,0.75,pending,,,,,,no,False,
D-019,A-PADIS,15,PADIS Full: Agitation/Sedation + Delirium (heuristic section window),"The 2013 PAD guidelines suggest (in a conditional recommendation) that nonbenzodiazepine sedatives (either propofol or dexmedetomidine) are preferable to benzodiaz- epine sedatives (either midazolam or lorazepam) in critically ill, mechanically ventilated adults because of improved short- term outcomes such as ICU LOS, duration of mechanical ventilation, and delirium (1).",Adult ICU,BenzodiazepineExposure,preferredOver,preferredOver (heuristic: rather than/prefer),Delirium,pending,pending,recommendation,"CAM-ICU,RASS,benzodiazepine_exposure,delirium_assessment",undecided,0.75,pending,,,,,,no,False,
D-022,A-PADIS,16,PADIS Full: Agitation/Sedation + Delirium (heuristic section window),"The study with the lowest risk of bias (n = 366), Safety and Efficacy of Dexmedetomidine Compared With Midazolam (SEDCOM), had the greatest benefit for the time to extubation (MD, –1.90 d; 95% CI, –2.32 to –1.48) and delirium (RR, 0.71; 95% CI, 0.61–0.83) with dexmedetomidine compared with a benzodiazepine infusion, and influenced how the evidence was graded when developing this recommendation (167).",Adult ICU,BenzodiazepineExposure,increasesRiskOf,increasesRiskOf (cue: comparative delirium outcome),Delirium,pending,pending,evidence,"CAM-ICU,RASS,benzodiazepine_exposure,delirium_assessment",undecided,0.75,pending,,,,,,no,False,
D-023,A-PADIS,16,PADIS Full: Agitation/Sedation + Delirium (heuristic section window),"Although the study by Xu et al (205) also showed reduced delirium with dexmedetomidine use, and the Dexmedetomidine V ersus Midazolam for Continuous Sedation in the ICU (MIDEX) study (203) demonstrated a shorter duration of mechanical ventilation with dexmedetomidine over a benzodiazepine infusion, pooled analysis of all evalu- ated studies did not show a significant benefit of dexmedeto- midine compared with a benzodiazepine infusion for duration of mechanical ventilation extubation (MD, –0.71 ",Adult ICU,BenzodiazepineExposure,decreasesRiskOf,decreasesRiskOf (cue: decrease/lower),Delirium,pending,pending,evidence,"CAM-ICU,RASS,benzodiazepine_exposure,delirium_assessment",undecided,0.75,pending,,,,,,no,True,
D-025,A-PADIS,16,PADIS Full: Agitation/Sedation + Delirium (heuristic section window),"A single RCT, the Propofol V ersus Dexmedetomidine for Continuous Sedation in the ICU (PRODEX) study, showed a decreased incidence of delirium with dexmedetomidine at the single time point of 48 hours after sedation cessation (203).",Adult ICU,PropofolExposure,decreasesRiskOf,decreasesRiskOf (cue: decrease/lower),Delirium,pending,pending,evidence,"CAM-ICU,RASS,delirium_assessment,propofol_exposure",undecided,0.75,pending,,,,,,no,False,
D-027,A-PADIS,18,PADIS Full: Agitation/Sedation + Delirium (heuristic section window),"These events include more unplanned extubations and frequent reintubations (245, 247, 267, 268); greater unintentional device removal (268); longer ICU LOS (245); increased agitation; higher benzodiazepine, opioid, and antipsychotic medication use (244, 268); and increased risk for delirium or disorientation (257, 259, 268, 270, 271).",Adult ICU,BenzodiazepineExposure,increasesRiskOf,increasesRiskOf (cue: risk/increase),Delirium,pending,pending,risk_factor_statement,"CAM-ICU,RASS,benzodiazepine_exposure,delirium_assessment",undecided,0.75,pending,,,,,,no,False,
D-030,A-PADIS,18,PADIS Full: Agitation/Sedation + Delirium (heuristic section window),"Ungraded Statement: For the following risk factors, strong evidence indicates that these are associated with delirium in critically ill adults: “modifiable”—benzodiazepine use and blood transfusions, and “nonmodifiable”—greater",Adult ICU,BenzodiazepineExposure,associatedWith,associatedWith (cue: association with delirium),Delirium,pending,pending,evidence,"CAM-ICU,RASS,benzodiazepine_exposure,delirium_assessment",undecided,0.75,pending,,,,,,no,False,
D-031,A-PADIS,19,PADIS Full: Agitation/Sedation + Delirium (heuristic section window),"Benzodiazepine use and blood transfusion administration are the only two modifiable factors with strong evidence for an asso- ciation with delirium detected by screening tools (Supplemental T able 22, Supplemental Digital Content 30, http://links.lww.",Adult ICU,BenzodiazepineExposure,associatedWith,associatedWith (cue: association with delirium),Delirium,pending,pending,evidence,"CAM-ICU,RASS,benzodiazepine_exposure,delirium_assessment",undecided,0.75,pending,,,,,,no,False,
D-039,A-PADIS,20,PADIS Full: Agitation/Sedation + Delirium (heuristic section window),The CAM-ICU arm had a signifi- cantly lower proportion of nursing shifts with delirium and a shorter duration of delirium when compared with the period of unstructured assessments.,Adult ICU,CAM_ICU,decreasesRiskOf,decreasesRiskOf (cue: decrease/lower),Delirium,pending,pending,evidence,"CAM-ICU,RASS,delirium_assessment",undecided,0.75,pending,,,,,,no,False,
D-041,A-PADIS,20,PADIS Full: Agitation/Sedation + Delirium (heuristic section window),"In the context of the criteria needed to generate a best prac- tice statement, we felt that the benefits of widespread delirium assessment with the CAM-ICU or the ICDSC far outweigh any potential disadvantages.",Adult ICU,CAM_ICU,pending,"unknown_relation (subject=CAM_ICU, object=Delirium)",Delirium,pending,pending,recommendation,"CAM-ICU,RASS,delirium_assessment",undecided,0.5,pending,,,,,,no,False,
D-052,A-PADIS,21,PADIS Full: Agitation/Sedation + Delirium (heuristic section window),"Recommendation: We suggest not using haloperidol, an atypical antipsychotic, dexmedetomidine, a β-Hydroxy β-methylglutaryl-Coenzyme A (HMG-CoA) reductase inhibi- tor (i.e., statin), or ketamine to prevent delirium in all critically ill adults (conditional recommendation, very low to low qual- ity of evidence).",Adult ICU,DexmedetomidineExposure,pending,"unknown_relation (subject=DexmedetomidineExposure, object=Delirium)",Delirium,pending,pending,recommendation,"CAM-ICU,RASS,delirium_assessment,dexmedetomidine_exposure",undecided,0.5,pending,,,,,,no,True,
D-054,A-PADIS,21,PADIS Full: Agitation/Sedation + Delirium (heuristic section window),"Each study reported a significant reduc- tion in delirium incidence favoring the pharmacologic agent: scheduled IV haloperidol (n = 457) after noncardiac surgery (RR, 0.66; 95% CI, 0.45–0.97; low quality) (366); a single dose of risperidone (n = 126) following elective cardiac surgery (RR, 0.35; 95% CI, 0.16–0.77; low quality) (366); and scheduled, low-dose dexmedetomidine (n = 700) after noncardiac surgery (odds ratio [OR], 0.35; 95% CI, 0.22–0.54; low quality) (368).",Adult ICU,DexmedetomidineExposure,decreasesRiskOf,decreasesRiskOf (cue: decrease/lower),Delirium,pending,pending,evidence,"CAM-ICU,RASS,delirium_assessment,dexmedetomidine_exposure",undecided,0.75,pending,,,,,,no,False,
D-056,A-PADIS,22,PADIS Full: Agitation/Sedation + Delirium (heuristic section window),"Another sug- gested that nocturnal administration of low-dose dexmedeto- midine in critically ill adults with APACHE-II scores of 22 (sd, ± 7.8) was associated with a significantly greater proportion of patients who remained delirium free (80% vs 54%; p = 0.008) during their ICU stay (370).",Adult ICU,DexmedetomidineExposure,associatedWith,associatedWith (cue: associated with),Delirium,pending,pending,evidence,"CAM-ICU,RASS,delirium_assessment,dexmedetomidine_exposure",undecided,0.75,pending,,,,,,no,False,
D-059,A-PADIS,22,PADIS Full: Agitation/Sedation + Delirium (heuristic section window),"Recommendation: We suggest not using haloperidol or an atypical antipsychotic to treat subsyndromal delirium in criti- cally ill adults (conditional recommendations, very low to low quality of evidence).",Adult ICU,Sedation,pending,"unknown_relation (subject=Sedation, object=Delirium)",Delirium,pending,pending,recommendation,"CAM-ICU,RASS,delirium_assessment",undecided,0.5,pending,,,,,,no,True,
D-060,A-PADIS,22,PADIS Full: Agitation/Sedation + Delirium (heuristic section window),Duration of subsyndromal delirium when evaluated using the CAM-ICU is an independent predictor of increased odds of institutionalization (376).,Adult ICU,CAM_ICU,increasesRiskOf,increasesRiskOf (cue: predicts risk),Delirium,pending,pending,evidence,"CAM-ICU,RASS,delirium_assessment",undecided,0.75,pending,,,,,,no,False,
D-063,A-PADIS,22,PADIS Full: Agitation/Sedation + Delirium (heuristic section window),"Risperidone (0.5 mg every 8 hr), when compared with placebo in 101 cardiac surgery patients, was associated with a reduced likelihood for a transition from subsyndromal to full- syndrome delirium (RR, 0.41; 95% CI, 0.02–0.86) (378).",Adult ICU,Sedation,increasesRiskOf,increasesRiskOf (cue: comparative delirium outcome),Delirium,pending,pending,evidence,"CAM-ICU,RASS,delirium_assessment",undecided,0.75,pending,,,,,,no,False,
D-065,A-PADIS,22,PADIS Full: Agitation/Sedation + Delirium (heuristic section window),"Recommendation: We suggest not routinely using halo- peridol, an atypical antipsychotic, or a HMG-CoA reductase inhibitor (i.e., a statin) to treat delirium (conditional recom- mendation, low quality of evidence).",Adult ICU,Sedation,pending,"unknown_relation (subject=Sedation, object=Delirium)",Delirium,pending,pending,recommendation,"CAM-ICU,RASS,delirium_assessment",undecided,0.5,pending,,,,,,no,True,
D-071,A-PADIS,23,PADIS Full: Agitation/Sedation + Delirium (heuristic section window),Panel members judged that the undesirable consequences of using either haloperidol or an atypical antipsychotic far outweighed the potential benefits for most critically adults with delirium and thus issued a condi- tional recommendation against their routine use.,Adult ICU,Sedation,pending,"unknown_relation (subject=Sedation, object=Delirium)",Delirium,pending,pending,recommendation,"CAM-ICU,RASS,delirium_assessment",undecided,0.5,pending,,,,,,no,False,
D-072,A-PADIS,23,PADIS Full: Agitation/Sedation + Delirium (heuristic section window),"Recommendation: We suggest using dexmedetomidine for delirium in mechanically ventilated adults where agitation is precluding weaning/extubation (conditional recommenda- tion, low quality of evidence).",Adult ICU,DexmedetomidineExposure,pending,"unknown_relation (subject=DexmedetomidineExposure, object=Delirium)",Delirium,pending,pending,recommendation,"CAM-ICU,RASS,delirium_assessment,dexmedetomidine_exposure",undecided,0.5,pending,,,,,,no,False,
D-076,A-PADIS,24,PADIS Full: Agitation/Sedation + Delirium (heuristic section window),"When a revised and expanded ABCDEF bun- dle (which includes a focus on “F, ” Family engagement) was evaluated in a larger, multicenter, before-after, cohort study, and where delirium was also assessed using the CAM-ICU, an adjusted analysis showed that improvements in bundle com- pliance were significantly associated with reduced mortality and more ICU days without coma or delirium (9).",Adult ICU,CAM_ICU,decreasesRiskOf,decreasesRiskOf (cue: decrease/lower),Delirium,pending,pending,evidence,"CAM-ICU,RASS,delirium_assessment",undecided,0.75,pending,,,,,,no,False,
D-078,A-PADIS,26,PADIS Full: Agitation/Sedation + Delirium (heuristic section window),"The influence of patient condi- tions (e.g., pre-ICU functional status, delirium and sedation status, muscle wasting, and nerve and muscle dysfunction) on patient outcomes after rehabilitation/mobilization interven- tions should be examined.",Adult ICU,Sedation,pending,"unknown_relation (subject=Sedation, object=Delirium)",Delirium,pending,pending,recommendation,"CAM-ICU,RASS,delirium_assessment",undecided,0.5,pending,,,,,,no,False,
D-007,A-PADIS,3,PADIS Full: Agitation/Sedation + Delirium (heuristic section window),"Conclusions: We found substantial agreement among a large, inter- disciplinary cohort of international experts regarding evidence sup- porting recommendations, and the remaining literature gaps in the assessment, prevention, and treatment of Pain, Agitation/sedation, Delirium, Immobility (mobilization/rehabilitation), and Sleep (disrup- tion) in critically ill adults.",Adult ICU,Sedation,pending,null_effect_or_gap (no directional relation),Delirium,pending,pending,research_gap,"CAM-ICU,RASS,delirium_assessment",undecided,0.5,pending,,,,,,no,True,
D-008,A-PADIS,3,PADIS Full: Agitation/Sedation + Delirium (heuristic section window),"Highlighting this evidence and the research needs will improve Pain, Agitation/sedation, Delirium, Immobility (mobilization/rehabilitation), and Sleep (disruption) management and provide the foundation for improved outcomes and science in this vulnerable population.",Adult ICU,Sedation,pending,null_effect_or_gap (no directional relation),Delirium,pending,pending,research_gap,"CAM-ICU,RASS,delirium_assessment",undecided,0.5,pending,,,,,,no,False,
D-016,A-PADIS,14,PADIS Full: Agitation/Sedation + Delirium (heuristic section window),"Light sedation was not associated with a reduction in the incidence of delirium (RR, 0.96; 95% CI, 0.80–1.16; low quality) (168, 172), PTSD (RR, 0.67; 95% CI, 0.12–3.79; low quality) (156, 174), depression (RR, 0.76; 95% CI, 0.10–5.58; very low qual- ity) (156, 170), or self-extubation (RR, 1.29; 95% CI, 0.58–2.88; low quality) (168–170, 173).",Adult ICU,Sedation,pending,null_effect_or_gap (no directional relation),Delirium,pending,pending,risk_factor_statement,"CAM-ICU,RASS,delirium_assessment",undecided,0.5,pending,,,,,,no,True,
D-018,A-PADIS,14,PADIS Full: Agitation/Sedation + Delirium (heuristic section window),"Finally, as outlined elsewhere in these guidelines, the relationship between level of sedation and the ability to evaluate, pain, delirium, and sleep has not been fully elucidated.",Adult ICU,Sedation,pending,null_effect_or_gap (no directional relation),Delirium,pending,pending,research_gap,"CAM-ICU,RASS,delirium_assessment",undecided,0.5,pending,,,,,,no,True,
D-021,A-PADIS,16,PADIS Full: Agitation/Sedation + Delirium (heuristic section window),"Five RCTs (n = 1,052) assessed duration of mechanical ventilation (167, 172, 202–204); three studies (n = 969) evaluated ICU LOS (167, 172, 203); and four RCTs (n = 1,007) evaluated delirium prevalence (167, 172, 203, 205).",Adult ICU,MechanicalVentilation,pending,"unknown_relation (subject=MechanicalVentilation, object=Delirium)",Delirium,pending,pending,evidence,"CAM-ICU,RASS,delirium_assessment,mechanical_ventilation",undecided,0.5,pending,,,,,,no,False,
D-024,A-PADIS,16,PADIS Full: Agitation/Sedation + Delirium (heuristic section window),"Of note, the MIDEX study (203), in which delirium was assessed only once 48 hours after sedation discontinuation, showed no improvements in delir - ium prevalence with dexmedetomidine.",Adult ICU,DexmedetomidineExposure,pending,"unknown_relation (subject=DexmedetomidineExposure, object=Delirium)",Delirium,pending,pending,evidence,"CAM-ICU,RASS,delirium_assessment,dexmedetomidine_exposure",undecided,0.5,pending,,,,,,no,True,
D-026,A-PADIS,17,PADIS Full: Agitation/Sedation + Delirium (heuristic section window),"The role of benzodiaz- epines versus propofol or dexmedetomidine in patients who are hemodynamically unstable, need deep sedation, are at risk for delirium, or have signs of alcohol withdrawal needs to be studied.",Adult ICU,PropofolExposure,pending,null_effect_or_gap (no directional relation),Delirium,pending,pending,research_gap,"CAM-ICU,RASS,delirium_assessment,propofol_exposure",undecided,0.5,pending,,,,,,no,False,
D-029,A-PADIS,18,PADIS Full: Agitation/Sedation + Delirium (heuristic section window),"Delirium is a clinical diag- nosis; most studies detect delirium using screening tools such as the Confusion Assessment Method for the ICU (CAM-ICU) or the Intensive Care Delirium Screening Checklist (ICDSC) (274, 275).",Adult ICU,CAM_ICU,pending,"unknown_relation (subject=CAM_ICU, object=Delirium)",Delirium,pending,pending,evidence,"CAM-ICU,RASS,delirium_assessment",undecided,0.5,pending,,,,,,no,False,
D-032,A-PADIS,19,PADIS Full: Agitation/Sedation + Delirium (heuristic section window),"Sex, opioid use, and mechanical ventilation each have been strongly shown not to alter the risk of delirium occurrence.",Adult ICU,OpioidExposure,pending,null_effect_or_gap (no directional relation),Delirium,pending,pending,evidence,"CAM-ICU,RASS,delirium_assessment,opioid_exposure",undecided,0.5,pending,,,,,,no,True,
D-035,A-PADIS,19,PADIS Full: Agitation/Sedation + Delirium (heuristic section window),"The effect of a reduction in known delirium risk factors including comorbid diseases, sepsis, nicotine and alcohol abuse, and the use of opioids and systemic steroids on delirium burden and patient outcome is unknown.",Adult ICU,OpioidExposure,pending,null_effect_or_gap (no directional relation),Delirium,pending,pending,research_gap,"CAM-ICU,RASS,delirium_assessment,opioid_exposure",undecided,0.5,pending,,,,,,no,False,
D-037,A-PADIS,20,PADIS Full: Agitation/Sedation + Delirium (heuristic section window),"Two (284, 285) found no relationship between delirium assessment and ICU LOS or duration of mechanical ventilation.",Adult ICU,MechanicalVentilation,pending,"unknown_relation (subject=MechanicalVentilation, object=Delirium)",Delirium,pending,pending,evidence,"CAM-ICU,RASS,delirium_assessment,mechanical_ventilation",undecided,0.5,pending,,,,,,no,True,
D-038,A-PADIS,20,PADIS Full: Agitation/Sedation + Delirium (heuristic section window),"In a crossover study, Reade et al (287) compared a period of CAM-ICU assessment to a period of unstructured nursing assessments using a form with a delirium definition.",Adult ICU,CAM_ICU,pending,"unknown_relation (subject=CAM_ICU, object=Delirium)",Delirium,pending,pending,evidence,"CAM-ICU,RASS,delirium_assessment",undecided,0.5,pending,,,,,,no,False,
D-042,A-PADIS,20,PADIS Full: Agitation/Sedation + Delirium (heuristic section window),"Evidence Gaps: The current body of evidence in support of pain and agitation assessments, which has been studied longer than delirium, may provide some guidance for future research in delirium monitoring (19, 106, 110, 308–310).",Adult ICU,Agitation,pending,null_effect_or_gap (no directional relation),Delirium,pending,pending,research_gap,"CAM-ICU,RASS,delirium_assessment",undecided,0.5,pending,,,,,,no,False,
D-043,A-PADIS,20,PADIS Full: Agitation/Sedation + Delirium (heuristic section window),"A recent observational study (311) found an association between high delirium monitoring adherence (i.e., assessments on ≥ 50% of the ICU days) and improved patient outcomes (i.e., lower in-hospital mortality, shorter ICU LOS, and shorter time on mechanical ventilation).",Adult ICU,MechanicalVentilation,pending,"unknown_relation (subject=MechanicalVentilation, object=Delirium)",Delirium,pending,pending,evidence,"CAM-ICU,RASS,delirium_assessment,mechanical_ventilation",undecided,0.5,pending,,,,,,no,False,
D-045,A-PADIS,21,PADIS Full: Agitation/Sedation + Delirium (heuristic section window),"Because many patients with RASS of –3 were deemed in these studies to be “unable to assess, ” data are limited to an evaluation of the influence of a RASS range from 0 to –2 on delirium positivity.",Adult ICU,RASS,pending,"unknown_relation (subject=RASS, object=Delirium)",Delirium,pending,pending,evidence,"CAM-ICU,RASS,delirium_assessment",undecided,0.5,pending,,,,,,no,False,
D-046,A-PADIS,21,PADIS Full: Agitation/Sedation + Delirium (heuristic section window),These data do not allow for discrimination between delirium that is potentially sedation induced com- pared with that related to other pathologic alterations (with or without sedation).,Adult ICU,Sedation,pending,null_effect_or_gap (no directional relation),Delirium,pending,pending,research_gap,"CAM-ICU,RASS,delirium_assessment",undecided,0.5,pending,,,,,,no,True,
D-048,A-PADIS,21,PADIS Full: Agitation/Sedation + Delirium (heuristic section window),"The likelihood of a positive delirium assessment was sig- nificantly greater (77% vs 23%; p < 0.0001) when patients had a RASS –2 (vs a RASS of –1 to 0), which could suggest that level of arousal influences delirium assessments.",Adult ICU,RASS,pending,"unknown_relation (subject=RASS, object=Delirium)",Delirium,pending,pending,evidence,"CAM-ICU,RASS,delirium_assessment",undecided,0.5,pending,,,,,,no,False,
D-049,A-PADIS,21,PADIS Full: Agitation/Sedation + Delirium (heuristic section window),"Apart from the study by Patel et al (312) in which 12% of patients in whom delirium was present during sedative infusion resolved within 2 hours of stopping infusion, no other study informs the question of whether a positive delirium assessment as a result of concomitant sedation affects patient outcome or whether seda- tion merely represents a confounding issue for patient assess- ment.",Adult ICU,Sedation,pending,null_effect_or_gap (no directional relation),Delirium,pending,pending,research_gap,"CAM-ICU,RASS,delirium_assessment",undecided,0.5,pending,,,,,,no,True,
D-050,A-PADIS,21,PADIS Full: Agitation/Sedation + Delirium (heuristic section window),"Rationale: One prospective observational study with blinded evaluations enrolled 102 patients (312) and found that out- comes (ICU and hospital LOS, discharge disposition, and 1-yr mortality) were similar between the 12 patients who developed rapidly reversible, sedation-related delirium and the 10 patients who never experienced delirium.",Adult ICU,Sedation,pending,"unknown_relation (subject=Sedation, object=Delirium)",Delirium,pending,pending,evidence,"CAM-ICU,RASS,delirium_assessment",undecided,0.5,pending,,,,,,no,True,
D-051,A-PADIS,21,PADIS Full: Agitation/Sedation + Delirium (heuristic section window),"Most patients (n = 80) who had either delirium or not always rapidly reversible delirium had worse outcomes than the patients with rapidly reversible, sedation-related delirium, or who never developed delirium.",Adult ICU,Sedation,pending,"unknown_relation (subject=Sedation, object=Delirium)",Delirium,pending,pending,evidence,"CAM-ICU,RASS,delirium_assessment",undecided,0.5,pending,,,,,,no,False,
D-057,A-PADIS,22,PADIS Full: Agitation/Sedation + Delirium (heuristic section window),"Three cohort studies suggest that when statin use is stopped during critical illness, delirium occurrence increases (371–373).",Adult ICU,Sedation,pending,"unknown_relation (subject=Sedation, object=Delirium)",Delirium,pending,pending,evidence,"CAM-ICU,RASS,delirium_assessment",undecided,0.5,pending,,,,,,no,False,
D-058,A-PADIS,22,PADIS Full: Agitation/Sedation + Delirium (heuristic section window),"One recent large RCT found that a single sub- anesthetic dose of ketamine, administered perioperatively, did not decrease delirium in older adults after major surgery, some of who required admission to the ICU (375).",Adult ICU,Sedation,pending,"unknown_relation (subject=Sedation, object=Delirium)",Delirium,pending,pending,evidence,"CAM-ICU,RASS,delirium_assessment",undecided,0.5,pending,,,,,,no,True,
D-062,A-PADIS,22,PADIS Full: Agitation/Sedation + Delirium (heuristic section window),"Scheduled IV haloperidol 1 mg q6h, when com- pared with placebo in 60 mechanically ventilated adults, was not associated with a change in delirium incidence, duration, or time to first episode of delirium; days of mechanical ventila- tion; or ICU LOS in critically ill medical and surgical patients (377).",Adult ICU,Sedation,pending,null_effect_or_gap (no directional relation),Delirium,pending,pending,risk_factor_statement,"CAM-ICU,RASS,delirium_assessment",undecided,0.5,pending,,,,,,no,True,
D-064,A-PADIS,22,PADIS Full: Agitation/Sedation + Delirium (heuristic section window),"Given these evidence gaps, questionable clinical benefit, and the potential lack of applicability of data from the study by Hakim et al (378) to the entire medical and surgical critically ill popula- tion having a greater severity of illness and different risk factors for delirium, the current recommendation reflects the panel’s concern about the risks of exposing up to 35% of all critically ill adults to antipsychotic therapy (379).",Adult ICU,Sedation,pending,"unknown_relation (subject=Sedation, object=Delirium)",Delirium,pending,pending,evidence,"CAM-ICU,RASS,delirium_assessment",undecided,0.5,pending,,,,,,no,False,
D-067,A-PADIS,22,PADIS Full: Agitation/Sedation + Delirium (heuristic section window),"A recent randomized trial of critically ill adults, not included in the evidence profile, found that high-dose simv- astatin does not reduce days spent with delirium and coma (385).",Adult ICU,Sedation,pending,"unknown_relation (subject=Sedation, object=Delirium)",Delirium,pending,pending,evidence,"CAM-ICU,RASS,delirium_assessment",undecided,0.5,pending,,,,,,no,False,
D-068,A-PADIS,22,PADIS Full: Agitation/Sedation + Delirium (heuristic section window),"No evidence was found to inform a recommendation regarding the use of an NMDA antagonist (e.g., ketamine) for delirium treatment.",Adult ICU,Sedation,pending,"unknown_relation (subject=Sedation, object=Delirium)",Delirium,pending,pending,evidence,"CAM-ICU,RASS,delirium_assessment",undecided,0.5,pending,,,,,,no,True,
D-069,A-PADIS,22,PADIS Full: Agitation/Sedation + Delirium (heuristic section window),"This evidence suggests that the use of the typical antipsy- chotic, haloperidol; an atypical antipsychotic (e.g., quetiapine, ziprasidone); or a statin was not associated with a shorter dura- tion of delirium, a reduced duration of mechanical ventilation",Adult ICU,Sedation,pending,null_effect_or_gap (no directional relation),Delirium,pending,pending,evidence,"CAM-ICU,RASS,delirium_assessment",undecided,0.5,pending,,,,,,no,True,
D-073,A-PADIS,23,PADIS Full: Agitation/Sedation + Delirium (heuristic section window),"Rationale: The single RCT used to evaluate the role of dex- medetomidine as a treatment for agitation precluding ventilator liberation in patients with delirium screened 21,500 intubated patients from 15 ICUs to enroll the 71 study patients and was ter- minated early because the funding amount (from the manufac- turer of dexmedetomidine) had been used up (386).",Adult ICU,DexmedetomidineExposure,pending,"unknown_relation (subject=DexmedetomidineExposure, object=Delirium)",Delirium,pending,pending,evidence,"CAM-ICU,RASS,delirium_assessment,dexmedetomidine_exposure",undecided,0.5,pending,,,,,,no,False,
D-074,A-PADIS,23,PADIS Full: Agitation/Sedation + Delirium (heuristic section window),The role of dexmedetomidine in patients with delirium without agitation or who have agitation that is not preclud- ing ventilator liberation remains unclear.,Adult ICU,DexmedetomidineExposure,pending,"unknown_relation (subject=DexmedetomidineExposure, object=Delirium)",Delirium,pending,pending,no_recommendation,"CAM-ICU,RASS,delirium_assessment,dexmedetomidine_exposure",undecided,0.5,pending,,,,,,no,True,
D-075,A-PADIS,23,PADIS Full: Agitation/Sedation + Delirium (heuristic section window),Recommendations regarding choice of sedation in mechanically ventilated criti- cally ill adults in the context of delirium can be found in rec- ommendations about sedative choice.,Adult ICU,Sedation,pending,"unknown_relation (subject=Sedation, object=Delirium)",Delirium,pending,pending,evidence,"CAM-ICU,RASS,delirium_assessment",undecided,0.5,pending,,,,,,no,False,
D-080,A-PADIS,28,PADIS Full: Agitation/Sedation + Delirium (heuristic section window),"Evidence Gaps: Large, additional studies are required to define the influence of critical illness, delirium, and mechani- cal ventilation on sleep quality.",Adult ICU,MechanicalVentilation,pending,null_effect_or_gap (no directional relation),Delirium,pending,pending,research_gap,"CAM-ICU,RASS,delirium_assessment,mechanical_ventilation",undecided,0.5,pending,,,,,,no,False,
D-083,A-PADIS,29,PADIS Full: Agitation/Sedation + Delirium (heuristic section window),"Variability in the presence to those factors (i.e., sedation, sep- sis, and delirium) known to influence abnormal sleep electro- encephalogram patterns likely accounts for the variability in prevalence among studies (438, 440, 457, 476).",Adult ICU,Sedation,pending,"unknown_relation (subject=Sedation, object=Delirium)",Delirium,pending,pending,evidence,"CAM-ICU,RASS,delirium_assessment",undecided,0.5,pending,,,,,,no,False,
D-084,A-PADIS,29,PADIS Full: Agitation/Sedation + Delirium (heuristic section window),"Factors that have been shown to correlate with sleep disruption in univariate analyses include illness severity (494), delirium (442, 443), hypoxemia and alkalosis (494), receiving a benzodiazepine (442) or propo- fol (464), patient-ventilator asynchrony (454), spontaneous (vs mechanically supported) breathing (452), and a spontaneous mode of ventilation (vs a controlled mode) (472, 495).",Adult ICU,BenzodiazepineExposure,pending,"unknown_relation (subject=BenzodiazepineExposure, object=Delirium)",Delirium,pending,pending,evidence,"CAM-ICU,RASS,benzodiazepine_exposure,delirium_assessment",undecided,0.5,pending,,,,,,no,False,
D-086,A-PADIS,31,PADIS Full: Agitation/Sedation + Delirium (heuristic section window),"Evidence Gaps: Available studies cannot fully elucidate the relationship between sleep alterations in the critically ill and important outcomes such as delirium occurrence, duration of mechanical ventilation, ICU LOS, and mortality are inadequate to confirm whether an association exists between the sleep altera- tions seen in the critically ill adults and important outcomes such as delirium occurrence, duration of mechanical ventilation, ICU LOS, and mortality.",Adult ICU,MechanicalVentilation,pending,null_effect_or_gap (no directional relation),Delirium,pending,pending,research_gap,"CAM-ICU,RASS,delirium_assessment,mechanical_ventilation",undecided,0.5,pending,,,,,,no,True,
D-001,A-PADIS,1,PADIS Full: Agitation/Sedation + Delirium (heuristic section window),"23 Center for Health Services Research, Vanderbilt University Medical Cen- ter, Nashville, TN.DOI: 10.1097/CCM.0000000000003299 Clinical Practice Guidelines for the Prevention and Management of Pain, Agitation/Sedation, Delirium, Immobility, and Sleep Disruption in Adult Patients in the ICU John W.",Adult ICU,Sedation,pending,"unknown_relation (subject=Sedation, object=Delirium)",Delirium,pending,pending,pending,"CAM-ICU,RASS,delirium_assessment",undecided,0.5,pending,,,,,,no,False,
D-002,A-PADIS,2,PADIS Full: Agitation/Sedation + Delirium (heuristic section window),Pandharipande’s institution received funding from Hospira (research grant to purchase study drug [dexmedetomidine] in collaboration with a NIH-funded RO1 study) and disclosed that he is the past president of the American Delirium Society.,Adult ICU,DexmedetomidineExposure,pending,"unknown_relation (subject=DexmedetomidineExposure, object=Delirium)",Delirium,pending,pending,evidence,"CAM-ICU,RASS,delirium_assessment,dexmedetomidine_exposure",undecided,0.5,pending,,,,,,no,False,
D-003,A-PADIS,2,PADIS Full: Agitation/Sedation + Delirium (heuristic section window),"Balas received funding from Select Medical (primary investigator on research study exploring Assess, Prevent, and Manage Pain, Both Spontaneous Awaken- ing Trials and Spontaneous Breathing Trials, Choice of analgesia and sedation, Delirium: Assess, Prevent, and Manage, Early mobility and Exercise, and Family engagement and empowerment bundle adoption).",Adult ICU,Sedation,pending,"unknown_relation (subject=Sedation, object=Delirium)",Delirium,pending,pending,evidence,"CAM-ICU,RASS,delirium_assessment",undecided,0.5,pending,,,,,,no,False,
D-004,A-PADIS,2,PADIS Full: Agitation/Sedation + Delirium (heuristic section window),"For information regarding this article, E-mail: j.devlin@neu.edu Objective: To update and expand the 2013 Clinical Practice Guidelines for the Management of Pain, Agitation, and Delirium in Adult Patients in the ICU.",Adult ICU,Agitation,pending,"unknown_relation (subject=Agitation, object=Delirium)",Delirium,pending,pending,pending,"CAM-ICU,RASS,delirium_assessment",undecided,0.5,pending,,,,,,no,False,
D-005,A-PADIS,3,PADIS Full: Agitation/Sedation + Delirium (heuristic section window),"Methods: Content experts, methodologists, and ICU survivors were represented in each of the five sections of the guidelines: Pain, Agita- tion/sedation, Delirium, Immobility (mobilization/rehabilitation), and Sleep (disruption).",Adult ICU,Sedation,pending,"unknown_relation (subject=Sedation, object=Delirium)",Delirium,pending,pending,pending,"CAM-ICU,RASS,delirium_assessment",undecided,0.5,pending,,,,,,no,False,
D-006,A-PADIS,3,PADIS Full: Agitation/Sedation + Delirium (heuristic section window),"Results: The Pain, Agitation/Sedation, Delirium, Immobility (mobi- lization/rehabilitation), and Sleep (disruption) panel issued 37 recommendations (three strong and 34 conditional), two good practice statements, and 32 ungraded, nonactionable statements.",Adult ICU,Sedation,pending,"unknown_relation (subject=Sedation, object=Delirium)",Delirium,pending,pending,pending,"CAM-ICU,RASS,delirium_assessment",undecided,0.5,pending,,,,,,no,False,
D-009,A-PADIS,3,PADIS Full: Agitation/Sedation + Delirium (heuristic section window),"(Crit Care Med 2018; 46:e825–e873) Key Words: delirium; guidelines; immobility; intensive care; mobilization; pain; sedation; sleep C linical practice guidelines are published, often by pro- fessional societies, because they provide a current and transparently analyzed review of relevant research with the aim to guide clinical practice.",Adult ICU,Sedation,pending,"unknown_relation (subject=Sedation, object=Delirium)",Delirium,pending,pending,pending,"CAM-ICU,RASS,delirium_assessment",undecided,0.5,pending,,,,,,no,False,
D-010,A-PADIS,3,PADIS Full: Agitation/Sedation + Delirium (heuristic section window),"The 2018 Pain, Agitation/ sedation, Delirium, Immobility (rehabilitation/mobilization), and Sleep (disruption) (PADIS) guideline builds on this mis- sion by updating the 2013 Pain, Agitation, and Delirium (PAD) guidelines (1); by adding two inextricably related clinical care topics—rehabilitation/mobilization and sleep; by including patients as collaborators and coauthors; and by inviting an international panel of experts from high-income countries as an early step toward incorporating more dive",Adult ICU,Sedation,pending,"unknown_relation (subject=Sedation, object=Delirium)",Delirium,pending,pending,pending,"CAM-ICU,RASS,delirium_assessment",undecided,0.5,pending,,,,,,no,False,
D-011,A-PADIS,7,PADIS Full: Agitation/Sedation + Delirium (heuristic section window),"Online Special Article Critical Care Medicine www.ccmjournal.org e831 important safety concerns, such as sedation, delirium, respiratory depression, ileus, and immunosuppression, may lengthen ICU LOS and worsen post-ICU patient outcome.",Adult ICU,Sedation,pending,"unknown_relation (subject=Sedation, object=Delirium)",Delirium,pending,pending,pending,"CAM-ICU,RASS,delirium_assessment",undecided,0.5,pending,,,,,,no,False,
D-013,A-PADIS,8,PADIS Full: Agitation/Sedation + Delirium (heuristic section window),"The incidence of side effects (i.e., nausea delir- ium, hallucinations, hypoventilation, pruritus, and sedation) was not different between the ketamine and opioid-alone groups.",Adult ICU,OpioidExposure,pending,"unknown_relation (subject=OpioidExposure, object=Delirium)",Delirium,pending,pending,pending,"CAM-ICU,RASS,delirium_assessment,opioid_exposure",undecided,0.5,pending,,,,,,no,True,
D-020,A-PADIS,15,PADIS Full: Agitation/Sedation + Delirium (heuristic section window),"These included time to extubation, time to light sedation, and delirium, and long-term outcomes such as 90-day mortality, cognitive and physical functioning, institu- tionalization, and psychologic dysfunction.",Adult ICU,Sedation,pending,"unknown_relation (subject=Sedation, object=Delirium)",Delirium,pending,pending,pending,"CAM-ICU,RASS,delirium_assessment",undecided,0.5,pending,,,,,,no,False,
D-028,A-PADIS,18,PADIS Full: Agitation/Sedation + Delirium (heuristic section window),"These factors include the following: older age (250, 264); non-coma level of arousal; neurologic or psychiatric condi- tions including delirium (257, 258, 261, 268); sedative type/ strategy (169, 242, 261, 272); mechanical ventilation use (242, 261, 263); use of invasive devices (246, 250); nurse-to-patient ratio and perceived workload (242, 268, 271); and time of day (249).",Adult ICU,MechanicalVentilation,pending,"unknown_relation (subject=MechanicalVentilation, object=Delirium)",Delirium,pending,pending,pending,"CAM-ICU,RASS,delirium_assessment,mechanical_ventilation",undecided,0.5,pending,,,,,,no,False,
D-033,A-PADIS,19,PADIS Full: Agitation/Sedation + Delirium (heuristic section window),"Moderate evidence exists showing the following increase the risk for delirium: history of hypertension; admission because of a neurologic disease; trauma; and the use of psychoactive medication (e.g., antipsychotics, anti- convulsants).",Adult ICU,Sedation,pending,"unknown_relation (subject=Sedation, object=Delirium)",Delirium,pending,pending,pending,"CAM-ICU,RASS,delirium_assessment",undecided,0.5,pending,,,,,,no,False,
D-034,A-PADIS,19,PADIS Full: Agitation/Sedation + Delirium (heuristic section window),See the “Sedation section” for a review on how sedative choice may affect delirium and the “Sleep section” regarding the relationship between sleep and delirium.,Adult ICU,Sedation,pending,"unknown_relation (subject=Sedation, object=Delirium)",Delirium,pending,pending,pending,"CAM-ICU,RASS,delirium_assessment",undecided,0.5,pending,,,,,,no,False,
D-036,A-PADIS,19,PADIS Full: Agitation/Sedation + Delirium (heuristic section window),"Remarks: The previous guidelines provided psychomet- ric appraisals of pain, sedation, and delirium screening tools (1).",Adult ICU,Sedation,pending,"unknown_relation (subject=Sedation, object=Delirium)",Delirium,pending,pending,pending,"CAM-ICU,RASS,delirium_assessment",undecided,0.5,pending,,,,,,no,False,
D-040,A-PADIS,20,PADIS Full: Agitation/Sedation + Delirium (heuristic section window),"Delirium screening using the CAM-ICU or the ICDSC is quick (2–5 min) (284, 286).",Adult ICU,CAM_ICU,pending,"unknown_relation (subject=CAM_ICU, object=Delirium)",Delirium,pending,pending,pending,"CAM-ICU,RASS,delirium_assessment",undecided,0.5,pending,,,,,,no,False,
D-044,A-PADIS,21,PADIS Full: Agitation/Sedation + Delirium (heuristic section window),"Online Special Article Critical Care Medicine www.ccmjournal.org e845 Rationale: Four observational cohort studies have examined delirium assessments at different levels of wakefulness and sedation as assessed by the CAM-ICU, ICDSC, and RASS (312– 315).",Adult ICU,Sedation,pending,"unknown_relation (subject=Sedation, object=Delirium)",Delirium,pending,pending,evidence,"CAM-ICU,RASS,delirium_assessment",undecided,0.5,pending,,,,,,no,False,
D-047,A-PADIS,21,PADIS Full: Agitation/Sedation + Delirium (heuristic section window),"A total of 12,699 delirium assessments (97% involving the CAM-ICU) were evaluated in patients with a RASS between 0 and –2.",Adult ICU,RASS,pending,"unknown_relation (subject=RASS, object=Delirium)",Delirium,pending,pending,pending,"CAM-ICU,RASS,delirium_assessment",undecided,0.5,pending,,,,,,no,False,
D-053,A-PADIS,21,PADIS Full: Agitation/Sedation + Delirium (heuristic section window),"Rationale: The outcomes deemed critical to this recommen- dation included delirium incidence and duration, duration of mechanical ventilation, length of ICU stay, and mortality.",Adult ICU,MechanicalVentilation,pending,"unknown_relation (subject=MechanicalVentilation, object=Delirium)",Delirium,pending,pending,pending,"CAM-ICU,RASS,delirium_assessment,mechanical_ventilation",undecided,0.5,pending,,,,,,no,False,
D-055,A-PADIS,22,PADIS Full: Agitation/Sedation + Delirium (heuristic section window),"Devlin et al e846 www.ccmjournal.org September 2018 • Volume 46 • Number 9 evidence profile, found that administration of low-dose IV haloperidol in the ICU until delirium developed did not help prevent delirium or affect 90-day survival (369).",Adult ICU,Sedation,pending,"unknown_relation (subject=Sedation, object=Delirium)",Delirium,pending,pending,evidence,"CAM-ICU,RASS,delirium_assessment",undecided,0.5,pending,,,,,,no,True,
D-061,A-PADIS,22,PADIS Full: Agitation/Sedation + Delirium (heuristic section window),"The outcomes deemed critical to this recommendation included delirium incidence, duration, and severity; duration of mechanical ventilation; ICU LOS; and mortality.",Adult ICU,MechanicalVentilation,pending,"unknown_relation (subject=MechanicalVentilation, object=Delirium)",Delirium,pending,pending,pending,"CAM-ICU,RASS,delirium_assessment,mechanical_ventilation",undecided,0.5,pending,,,,,,no,False,
D-066,A-PADIS,22,PADIS Full: Agitation/Sedation + Delirium (heuristic section window),"Rationale: The outcomes deemed most critical to this ques- tion included delirium duration, duration of mechanical ventilation, ICU LOS, and mortality.",Adult ICU,MechanicalVentilation,pending,"unknown_relation (subject=MechanicalVentilation, object=Delirium)",Delirium,pending,pending,pending,"CAM-ICU,RASS,delirium_assessment,mechanical_ventilation",undecided,0.5,pending,,,,,,no,False,
D-070,A-PADIS,23,PADIS Full: Agitation/Sedation + Delirium (heuristic section window),"Although this recommendation discourages the “routine” use of antipsychotic agents in the treatment of delirium, patients who experience significant distress secondary to symptoms of a delirium such as anxiety, fearfulness, hallucinations, or delusions, or who are agitated and may be physically harmful to them- selves or others, may benefit from short-term use of haloperidol or an atypical antipsychotic until these distressing symptoms resolve based on the panel’s clinical experience.",Adult ICU,Sedation,pending,"unknown_relation (subject=Sedation, object=Delirium)",Delirium,pending,pending,pending,"CAM-ICU,RASS,delirium_assessment",undecided,0.5,pending,,,,,,no,False,
D-077,A-PADIS,24,PADIS Full: Agitation/Sedation + Delirium (heuristic section window),"Given the growing literature in this field and the interplay of rehabilitation/mobilization with pain, agitation, and delirium, this topic was introduced as a new part of the present guideline.",Adult ICU,Agitation,pending,"unknown_relation (subject=Agitation, object=Delirium)",Delirium,pending,pending,pending,"CAM-ICU,RASS,delirium_assessment",undecided,0.5,pending,,,,,,no,False,
D-079,A-PADIS,26,PADIS Full: Agitation/Sedation + Delirium (heuristic section window),"In addition to emotional distress, sleep disruption has also been hypothesized to contribute to ICU delirium (441–443), prolonged duration of mechanical ventilation (444), deranged immune function (445, 446), and neurocognitive dysfunc- tion.",Adult ICU,MechanicalVentilation,pending,"unknown_relation (subject=MechanicalVentilation, object=Delirium)",Delirium,pending,pending,pending,"CAM-ICU,RASS,delirium_assessment,mechanical_ventilation",undecided,0.5,pending,,,,,,no,False,
D-081,A-PADIS,28,PADIS Full: Agitation/Sedation + Delirium (heuristic section window),"These discor - dances might be due to several factors such as total record- ing time, quality of the recordings, experience of the scorer (awareness of atypical sleep), the criteria used to analyze sleep (i.e., Rechtschaffen et Kales vs Drouot-Watson rules) (457, 475, 476), disease severity, LOS on the day of polysomnogra- phy evaluation, both sedative type and depth of sedation, and whether delirium is present.",Adult ICU,Sedation,pending,"unknown_relation (subject=Sedation, object=Delirium)",Delirium,pending,pending,pending,"CAM-ICU,RASS,delirium_assessment",undecided,0.5,pending,,,,,,no,False,
D-082,A-PADIS,29,PADIS Full: Agitation/Sedation + Delirium (heuristic section window),"When criteria are used to exclude patients with known factors for these abnormal electroencephalogram patterns (e.g., receiv- ing sedative/opioids, having delirium coma or sepsis, or with a history of epilepsy), the prevalence of atypical sleep becomes nonexistent (0%) (464).",Adult ICU,OpioidExposure,pending,"unknown_relation (subject=OpioidExposure, object=Delirium)",Delirium,pending,pending,pending,"CAM-ICU,RASS,delirium_assessment,opioid_exposure",undecided,0.5,pending,,,,,,no,False,
D-085,A-PADIS,31,PADIS Full: Agitation/Sedation + Delirium (heuristic section window),Online Special Article Critical Care Medicine www.ccmjournal.org e855 was associated with shorter delirium duration and greater venti- lator-free days (497).,Adult ICU,MechanicalVentilation,associatedWith,associatedWith (cue: associated with),Delirium,pending,pending,pending,"CAM-ICU,RASS,delirium_assessment,mechanical_ventilation",undecided,0.75,pending,,,,,,no,False,
