review_priority,rule_id,source_page,source_text,auto_source_type,auto_subject,auto_relation,auto_object,auto_negation_present,relation_candidate,in_gold_set,review_decision,approved?,corrected_source_type,corrected_subject,corrected_relation,corrected_object,corrected_negation_present,kg_edge_candidate,mimic_availability,experiment_usable,reviewer_note,rejection_reason,padis_domain,source_section,patient_population,required_clinical_variables,confidence,review_status
high,D-012,7,"If available, nefopam could be used to reduce the opioid consumption and opioid-associated side effects, such as nausea, after an evalua- tion of the risk-to-benefit ratio of all available analgesic options and patient reassessment for potential side effects (tachycardia, glaucoma, seizure, and delirium) (89–92).",recommendation,OpioidExposure,pending,Delirium,False,"unknown_relation (subject=OpioidExposure, object=Delirium)",yes,,,,,,,,no,undecided,no,,,A-PADIS,PADIS Full: Agitation/Sedation + Delirium (heuristic section window),Adult ICU,"CAM-ICU,RASS,delirium_assessment,opioid_exposure",0.5,pending
high,D-014,9,"The outcomes asso- ciated with opioid safety concerns such as ileus, duration of mechanical ventilation, immunosuppression, healthcare- associated infections, delirium, and both ICU and hospital LOS must be evaluated carefully.",pending,OpioidExposure,associatedWith,Delirium,False,associatedWith (cue: associated with),no,,,,,,,,no,undecided,no,,,A-PADIS,PADIS Full: Agitation/Sedation + Delirium (heuristic section window),Adult ICU,"CAM-ICU,RASS,delirium_assessment,opioid_exposure",0.75,pending
high,D-015,9,"This includes analysis of liver and renal toxicities secondary to acetaminophen (all routes), hemodynamic instability second- ary to IV acetaminophen (85), risk of bleeding secondary to non-COX-1–selective NSAIDs, delirium, and neurotoxicity associated with ketamine (105), and hemodynamic alterations with IV lidocaine (100).",pending,Sedation,associatedWith,Delirium,False,associatedWith (cue: associated with),no,,,,,,,,no,undecided,no,,,A-PADIS,PADIS Full: Agitation/Sedation + Delirium (heuristic section window),Adult ICU,"CAM-ICU,RASS,delirium_assessment",0.75,pending
high,D-017,14,"One recent cohort study not considered in the guideline evidence demonstrates that sedation intensity (sum of negative RASS measurements by number of assessments) independently, in an escalating dose-dependent relationship, predicts increased risk of death, delirium, and delayed time to extubation (177).",evidence,Sedation,increasesRiskOf,Delirium,False,increasesRiskOf (cue: predicts risk),yes,,,,,,,,maybe,undecided,no,,,A-PADIS,PADIS Full: Agitation/Sedation + Delirium (heuristic section window),Adult ICU,"CAM-ICU,RASS,delirium_assessment",0.75,pending
high,D-019,15,"The 2013 PAD guidelines suggest (in a conditional recommendation) that nonbenzodiazepine sedatives (either propofol or dexmedetomidine) are preferable to benzodiaz- epine sedatives (either midazolam or lorazepam) in critically ill, mechanically ventilated adults because of improved short- term outcomes such as ICU LOS, duration of mechanical ventilation, and delirium (1).",recommendation,BenzodiazepineExposure,preferredOver,Delirium,False,preferredOver (heuristic: rather than/prefer),yes,,,,,,,,maybe,undecided,no,,,A-PADIS,PADIS Full: Agitation/Sedation + Delirium (heuristic section window),Adult ICU,"CAM-ICU,RASS,benzodiazepine_exposure,delirium_assessment",0.75,pending
high,D-022,16,"The study with the lowest risk of bias (n = 366), Safety and Efficacy of Dexmedetomidine Compared With Midazolam (SEDCOM), had the greatest benefit for the time to extubation (MD, –1.90 d; 95% CI, –2.32 to –1.48) and delirium (RR, 0.71; 95% CI, 0.61–0.83) with dexmedetomidine compared with a benzodiazepine infusion, and influenced how the evidence was graded when developing this recommendation (167).",evidence,BenzodiazepineExposure,increasesRiskOf,Delirium,False,increasesRiskOf (cue: comparative delirium outcome),yes,,,,,,,,maybe,undecided,no,,,A-PADIS,PADIS Full: Agitation/Sedation + Delirium (heuristic section window),Adult ICU,"CAM-ICU,RASS,benzodiazepine_exposure,delirium_assessment",0.75,pending
high,D-023,16,"Although the study by Xu et al (205) also showed reduced delirium with dexmedetomidine use, and the Dexmedetomidine V ersus Midazolam for Continuous Sedation in the ICU (MIDEX) study (203) demonstrated a shorter duration of mechanical ventilation with dexmedetomidine over a benzodiazepine infusion, pooled analysis of all evalu- ated studies did not show a significant benefit of dexmedeto- midine compared with a benzodiazepine infusion for duration of mechanical ventilation extubation (MD, –0.71 ",evidence,BenzodiazepineExposure,decreasesRiskOf,Delirium,True,decreasesRiskOf (cue: decrease/lower),yes,,,,,,,,maybe,undecided,no,,,A-PADIS,PADIS Full: Agitation/Sedation + Delirium (heuristic section window),Adult ICU,"CAM-ICU,RASS,benzodiazepine_exposure,delirium_assessment",0.75,pending
high,D-025,16,"A single RCT, the Propofol V ersus Dexmedetomidine for Continuous Sedation in the ICU (PRODEX) study, showed a decreased incidence of delirium with dexmedetomidine at the single time point of 48 hours after sedation cessation (203).",evidence,PropofolExposure,decreasesRiskOf,Delirium,False,decreasesRiskOf (cue: decrease/lower),yes,,,,,,,,maybe,undecided,no,,,A-PADIS,PADIS Full: Agitation/Sedation + Delirium (heuristic section window),Adult ICU,"CAM-ICU,RASS,delirium_assessment,propofol_exposure",0.75,pending
high,D-027,18,"These events include more unplanned extubations and frequent reintubations (245, 247, 267, 268); greater unintentional device removal (268); longer ICU LOS (245); increased agitation; higher benzodiazepine, opioid, and antipsychotic medication use (244, 268); and increased risk for delirium or disorientation (257, 259, 268, 270, 271).",risk_factor_statement,BenzodiazepineExposure,increasesRiskOf,Delirium,False,increasesRiskOf (cue: risk/increase),yes,,,,,,,,maybe,undecided,no,,,A-PADIS,PADIS Full: Agitation/Sedation + Delirium (heuristic section window),Adult ICU,"CAM-ICU,RASS,benzodiazepine_exposure,delirium_assessment",0.75,pending
high,D-030,18,"Ungraded Statement: For the following risk factors, strong evidence indicates that these are associated with delirium in critically ill adults: “modifiable”—benzodiazepine use and blood transfusions, and “nonmodifiable”—greater",evidence,BenzodiazepineExposure,associatedWith,Delirium,False,associatedWith (cue: association with delirium),yes,,,,,,,,maybe,undecided,no,,,A-PADIS,PADIS Full: Agitation/Sedation + Delirium (heuristic section window),Adult ICU,"CAM-ICU,RASS,benzodiazepine_exposure,delirium_assessment",0.75,pending
high,D-031,19,"Benzodiazepine use and blood transfusion administration are the only two modifiable factors with strong evidence for an asso- ciation with delirium detected by screening tools (Supplemental T able 22, Supplemental Digital Content 30, http://links.lww.",evidence,BenzodiazepineExposure,associatedWith,Delirium,False,associatedWith (cue: association with delirium),yes,,,,,,,,maybe,undecided,no,,,A-PADIS,PADIS Full: Agitation/Sedation + Delirium (heuristic section window),Adult ICU,"CAM-ICU,RASS,benzodiazepine_exposure,delirium_assessment",0.75,pending
high,D-039,20,The CAM-ICU arm had a signifi- cantly lower proportion of nursing shifts with delirium and a shorter duration of delirium when compared with the period of unstructured assessments.,evidence,CAM_ICU,decreasesRiskOf,Delirium,False,decreasesRiskOf (cue: decrease/lower),yes,,,,,,,,maybe,undecided,no,,,A-PADIS,PADIS Full: Agitation/Sedation + Delirium (heuristic section window),Adult ICU,"CAM-ICU,RASS,delirium_assessment",0.75,pending
high,D-041,20,"In the context of the criteria needed to generate a best prac- tice statement, we felt that the benefits of widespread delirium assessment with the CAM-ICU or the ICDSC far outweigh any potential disadvantages.",recommendation,CAM_ICU,pending,Delirium,False,"unknown_relation (subject=CAM_ICU, object=Delirium)",yes,,,,,,,,no,undecided,no,,,A-PADIS,PADIS Full: Agitation/Sedation + Delirium (heuristic section window),Adult ICU,"CAM-ICU,RASS,delirium_assessment",0.5,pending
high,D-052,21,"Recommendation: We suggest not using haloperidol, an atypical antipsychotic, dexmedetomidine, a β-Hydroxy β-methylglutaryl-Coenzyme A (HMG-CoA) reductase inhibi- tor (i.e., statin), or ketamine to prevent delirium in all critically ill adults (conditional recommendation, very low to low qual- ity of evidence).",recommendation,DexmedetomidineExposure,pending,Delirium,True,"unknown_relation (subject=DexmedetomidineExposure, object=Delirium)",yes,,,,,,,,no,undecided,no,,,A-PADIS,PADIS Full: Agitation/Sedation + Delirium (heuristic section window),Adult ICU,"CAM-ICU,RASS,delirium_assessment,dexmedetomidine_exposure",0.5,pending
high,D-054,21,"Each study reported a significant reduc- tion in delirium incidence favoring the pharmacologic agent: scheduled IV haloperidol (n = 457) after noncardiac surgery (RR, 0.66; 95% CI, 0.45–0.97; low quality) (366); a single dose of risperidone (n = 126) following elective cardiac surgery (RR, 0.35; 95% CI, 0.16–0.77; low quality) (366); and scheduled, low-dose dexmedetomidine (n = 700) after noncardiac surgery (odds ratio [OR], 0.35; 95% CI, 0.22–0.54; low quality) (368).",evidence,DexmedetomidineExposure,decreasesRiskOf,Delirium,False,decreasesRiskOf (cue: decrease/lower),yes,,,,,,,,maybe,undecided,no,,,A-PADIS,PADIS Full: Agitation/Sedation + Delirium (heuristic section window),Adult ICU,"CAM-ICU,RASS,delirium_assessment,dexmedetomidine_exposure",0.75,pending
high,D-056,22,"Another sug- gested that nocturnal administration of low-dose dexmedeto- midine in critically ill adults with APACHE-II scores of 22 (sd, ± 7.8) was associated with a significantly greater proportion of patients who remained delirium free (80% vs 54%; p = 0.008) during their ICU stay (370).",evidence,DexmedetomidineExposure,associatedWith,Delirium,False,associatedWith (cue: associated with),no,,,,,,,,maybe,undecided,no,,,A-PADIS,PADIS Full: Agitation/Sedation + Delirium (heuristic section window),Adult ICU,"CAM-ICU,RASS,delirium_assessment,dexmedetomidine_exposure",0.75,pending
high,D-059,22,"Recommendation: We suggest not using haloperidol or an atypical antipsychotic to treat subsyndromal delirium in criti- cally ill adults (conditional recommendations, very low to low quality of evidence).",recommendation,Sedation,pending,Delirium,True,"unknown_relation (subject=Sedation, object=Delirium)",no,,,,,,,,no,undecided,no,,,A-PADIS,PADIS Full: Agitation/Sedation + Delirium (heuristic section window),Adult ICU,"CAM-ICU,RASS,delirium_assessment",0.5,pending
high,D-060,22,Duration of subsyndromal delirium when evaluated using the CAM-ICU is an independent predictor of increased odds of institutionalization (376).,evidence,CAM_ICU,increasesRiskOf,Delirium,False,increasesRiskOf (cue: predicts risk),yes,,,,,,,,maybe,undecided,no,,,A-PADIS,PADIS Full: Agitation/Sedation + Delirium (heuristic section window),Adult ICU,"CAM-ICU,RASS,delirium_assessment",0.75,pending
high,D-063,22,"Risperidone (0.5 mg every 8 hr), when compared with placebo in 101 cardiac surgery patients, was associated with a reduced likelihood for a transition from subsyndromal to full- syndrome delirium (RR, 0.41; 95% CI, 0.02–0.86) (378).",evidence,Sedation,increasesRiskOf,Delirium,False,increasesRiskOf (cue: comparative delirium outcome),no,,,,,,,,maybe,undecided,no,,,A-PADIS,PADIS Full: Agitation/Sedation + Delirium (heuristic section window),Adult ICU,"CAM-ICU,RASS,delirium_assessment",0.75,pending
high,D-065,22,"Recommendation: We suggest not routinely using halo- peridol, an atypical antipsychotic, or a HMG-CoA reductase inhibitor (i.e., a statin) to treat delirium (conditional recom- mendation, low quality of evidence).",recommendation,Sedation,pending,Delirium,True,"unknown_relation (subject=Sedation, object=Delirium)",yes,,,,,,,,no,undecided,no,,,A-PADIS,PADIS Full: Agitation/Sedation + Delirium (heuristic section window),Adult ICU,"CAM-ICU,RASS,delirium_assessment",0.5,pending
high,D-071,23,Panel members judged that the undesirable consequences of using either haloperidol or an atypical antipsychotic far outweighed the potential benefits for most critically adults with delirium and thus issued a condi- tional recommendation against their routine use.,recommendation,Sedation,pending,Delirium,False,"unknown_relation (subject=Sedation, object=Delirium)",yes,,,,,,,,no,undecided,no,,,A-PADIS,PADIS Full: Agitation/Sedation + Delirium (heuristic section window),Adult ICU,"CAM-ICU,RASS,delirium_assessment",0.5,pending
high,D-072,23,"Recommendation: We suggest using dexmedetomidine for delirium in mechanically ventilated adults where agitation is precluding weaning/extubation (conditional recommenda- tion, low quality of evidence).",recommendation,DexmedetomidineExposure,pending,Delirium,False,"unknown_relation (subject=DexmedetomidineExposure, object=Delirium)",yes,,,,,,,,no,undecided,no,,,A-PADIS,PADIS Full: Agitation/Sedation + Delirium (heuristic section window),Adult ICU,"CAM-ICU,RASS,delirium_assessment,dexmedetomidine_exposure",0.5,pending
high,D-076,24,"When a revised and expanded ABCDEF bun- dle (which includes a focus on “F, ” Family engagement) was evaluated in a larger, multicenter, before-after, cohort study, and where delirium was also assessed using the CAM-ICU, an adjusted analysis showed that improvements in bundle com- pliance were significantly associated with reduced mortality and more ICU days without coma or delirium (9).",evidence,CAM_ICU,decreasesRiskOf,Delirium,False,decreasesRiskOf (cue: decrease/lower),yes,,,,,,,,maybe,undecided,no,,,A-PADIS,PADIS Full: Agitation/Sedation + Delirium (heuristic section window),Adult ICU,"CAM-ICU,RASS,delirium_assessment",0.75,pending
high,D-078,26,"The influence of patient condi- tions (e.g., pre-ICU functional status, delirium and sedation status, muscle wasting, and nerve and muscle dysfunction) on patient outcomes after rehabilitation/mobilization interven- tions should be examined.",recommendation,Sedation,pending,Delirium,False,"unknown_relation (subject=Sedation, object=Delirium)",no,,,,,,,,no,undecided,no,,,A-PADIS,PADIS Full: Agitation/Sedation + Delirium (heuristic section window),Adult ICU,"CAM-ICU,RASS,delirium_assessment",0.5,pending
medium,D-007,3,"Conclusions: We found substantial agreement among a large, inter- disciplinary cohort of international experts regarding evidence sup- porting recommendations, and the remaining literature gaps in the assessment, prevention, and treatment of Pain, Agitation/sedation, Delirium, Immobility (mobilization/rehabilitation), and Sleep (disrup- tion) in critically ill adults.",research_gap,Sedation,pending,Delirium,True,null_effect_or_gap (no directional relation),yes,,,,,,,,no,undecided,no,,,A-PADIS,PADIS Full: Agitation/Sedation + Delirium (heuristic section window),Adult ICU,"CAM-ICU,RASS,delirium_assessment",0.5,pending
medium,D-008,3,"Highlighting this evidence and the research needs will improve Pain, Agitation/sedation, Delirium, Immobility (mobilization/rehabilitation), and Sleep (disruption) management and provide the foundation for improved outcomes and science in this vulnerable population.",research_gap,Sedation,pending,Delirium,False,null_effect_or_gap (no directional relation),no,,,,,,,,no,undecided,no,,,A-PADIS,PADIS Full: Agitation/Sedation + Delirium (heuristic section window),Adult ICU,"CAM-ICU,RASS,delirium_assessment",0.5,pending
medium,D-016,14,"Light sedation was not associated with a reduction in the incidence of delirium (RR, 0.96; 95% CI, 0.80–1.16; low quality) (168, 172), PTSD (RR, 0.67; 95% CI, 0.12–3.79; low quality) (156, 174), depression (RR, 0.76; 95% CI, 0.10–5.58; very low qual- ity) (156, 170), or self-extubation (RR, 1.29; 95% CI, 0.58–2.88; low quality) (168–170, 173).",risk_factor_statement,Sedation,pending,Delirium,True,null_effect_or_gap (no directional relation),yes,,,,,,,,no,undecided,no,,,A-PADIS,PADIS Full: Agitation/Sedation + Delirium (heuristic section window),Adult ICU,"CAM-ICU,RASS,delirium_assessment",0.5,pending
medium,D-018,14,"Finally, as outlined elsewhere in these guidelines, the relationship between level of sedation and the ability to evaluate, pain, delirium, and sleep has not been fully elucidated.",research_gap,Sedation,pending,Delirium,True,null_effect_or_gap (no directional relation),yes,,,,,,,,no,undecided,no,,,A-PADIS,PADIS Full: Agitation/Sedation + Delirium (heuristic section window),Adult ICU,"CAM-ICU,RASS,delirium_assessment",0.5,pending
medium,D-021,16,"Five RCTs (n = 1,052) assessed duration of mechanical ventilation (167, 172, 202–204); three studies (n = 969) evaluated ICU LOS (167, 172, 203); and four RCTs (n = 1,007) evaluated delirium prevalence (167, 172, 203, 205).",evidence,MechanicalVentilation,pending,Delirium,False,"unknown_relation (subject=MechanicalVentilation, object=Delirium)",yes,,,,,,,,no,undecided,no,,,A-PADIS,PADIS Full: Agitation/Sedation + Delirium (heuristic section window),Adult ICU,"CAM-ICU,RASS,delirium_assessment,mechanical_ventilation",0.5,pending
medium,D-024,16,"Of note, the MIDEX study (203), in which delirium was assessed only once 48 hours after sedation discontinuation, showed no improvements in delir - ium prevalence with dexmedetomidine.",evidence,DexmedetomidineExposure,pending,Delirium,True,"unknown_relation (subject=DexmedetomidineExposure, object=Delirium)",yes,,,,,,,,no,undecided,no,,,A-PADIS,PADIS Full: Agitation/Sedation + Delirium (heuristic section window),Adult ICU,"CAM-ICU,RASS,delirium_assessment,dexmedetomidine_exposure",0.5,pending
medium,D-026,17,"The role of benzodiaz- epines versus propofol or dexmedetomidine in patients who are hemodynamically unstable, need deep sedation, are at risk for delirium, or have signs of alcohol withdrawal needs to be studied.",research_gap,PropofolExposure,pending,Delirium,False,null_effect_or_gap (no directional relation),yes,,,,,,,,no,undecided,no,,,A-PADIS,PADIS Full: Agitation/Sedation + Delirium (heuristic section window),Adult ICU,"CAM-ICU,RASS,delirium_assessment,propofol_exposure",0.5,pending
medium,D-029,18,"Delirium is a clinical diag- nosis; most studies detect delirium using screening tools such as the Confusion Assessment Method for the ICU (CAM-ICU) or the Intensive Care Delirium Screening Checklist (ICDSC) (274, 275).",evidence,CAM_ICU,pending,Delirium,False,"unknown_relation (subject=CAM_ICU, object=Delirium)",no,,,,,,,,no,undecided,no,,,A-PADIS,PADIS Full: Agitation/Sedation + Delirium (heuristic section window),Adult ICU,"CAM-ICU,RASS,delirium_assessment",0.5,pending
medium,D-032,19,"Sex, opioid use, and mechanical ventilation each have been strongly shown not to alter the risk of delirium occurrence.",evidence,OpioidExposure,pending,Delirium,True,null_effect_or_gap (no directional relation),yes,,,,,,,,no,undecided,no,,,A-PADIS,PADIS Full: Agitation/Sedation + Delirium (heuristic section window),Adult ICU,"CAM-ICU,RASS,delirium_assessment,opioid_exposure",0.5,pending
medium,D-035,19,"The effect of a reduction in known delirium risk factors including comorbid diseases, sepsis, nicotine and alcohol abuse, and the use of opioids and systemic steroids on delirium burden and patient outcome is unknown.",research_gap,OpioidExposure,pending,Delirium,False,null_effect_or_gap (no directional relation),yes,,,,,,,,no,undecided,no,,,A-PADIS,PADIS Full: Agitation/Sedation + Delirium (heuristic section window),Adult ICU,"CAM-ICU,RASS,delirium_assessment,opioid_exposure",0.5,pending
medium,D-037,20,"Two (284, 285) found no relationship between delirium assessment and ICU LOS or duration of mechanical ventilation.",evidence,MechanicalVentilation,pending,Delirium,True,"unknown_relation (subject=MechanicalVentilation, object=Delirium)",yes,,,,,,,,no,undecided,no,,,A-PADIS,PADIS Full: Agitation/Sedation + Delirium (heuristic section window),Adult ICU,"CAM-ICU,RASS,delirium_assessment,mechanical_ventilation",0.5,pending
medium,D-038,20,"In a crossover study, Reade et al (287) compared a period of CAM-ICU assessment to a period of unstructured nursing assessments using a form with a delirium definition.",evidence,CAM_ICU,pending,Delirium,False,"unknown_relation (subject=CAM_ICU, object=Delirium)",yes,,,,,,,,no,undecided,no,,,A-PADIS,PADIS Full: Agitation/Sedation + Delirium (heuristic section window),Adult ICU,"CAM-ICU,RASS,delirium_assessment",0.5,pending
medium,D-042,20,"Evidence Gaps: The current body of evidence in support of pain and agitation assessments, which has been studied longer than delirium, may provide some guidance for future research in delirium monitoring (19, 106, 110, 308–310).",research_gap,Agitation,pending,Delirium,False,null_effect_or_gap (no directional relation),yes,,,,,,,,no,undecided,no,,,A-PADIS,PADIS Full: Agitation/Sedation + Delirium (heuristic section window),Adult ICU,"CAM-ICU,RASS,delirium_assessment",0.5,pending
medium,D-043,20,"A recent observational study (311) found an association between high delirium monitoring adherence (i.e., assessments on ≥ 50% of the ICU days) and improved patient outcomes (i.e., lower in-hospital mortality, shorter ICU LOS, and shorter time on mechanical ventilation).",evidence,MechanicalVentilation,pending,Delirium,False,"unknown_relation (subject=MechanicalVentilation, object=Delirium)",yes,,,,,,,,no,undecided,no,,,A-PADIS,PADIS Full: Agitation/Sedation + Delirium (heuristic section window),Adult ICU,"CAM-ICU,RASS,delirium_assessment,mechanical_ventilation",0.5,pending
medium,D-045,21,"Because many patients with RASS of –3 were deemed in these studies to be “unable to assess, ” data are limited to an evaluation of the influence of a RASS range from 0 to –2 on delirium positivity.",evidence,RASS,pending,Delirium,False,"unknown_relation (subject=RASS, object=Delirium)",yes,,,,,,,,no,undecided,no,,,A-PADIS,PADIS Full: Agitation/Sedation + Delirium (heuristic section window),Adult ICU,"CAM-ICU,RASS,delirium_assessment",0.5,pending
medium,D-046,21,These data do not allow for discrimination between delirium that is potentially sedation induced com- pared with that related to other pathologic alterations (with or without sedation).,research_gap,Sedation,pending,Delirium,True,null_effect_or_gap (no directional relation),yes,,,,,,,,no,undecided,no,,,A-PADIS,PADIS Full: Agitation/Sedation + Delirium (heuristic section window),Adult ICU,"CAM-ICU,RASS,delirium_assessment",0.5,pending
medium,D-048,21,"The likelihood of a positive delirium assessment was sig- nificantly greater (77% vs 23%; p < 0.0001) when patients had a RASS –2 (vs a RASS of –1 to 0), which could suggest that level of arousal influences delirium assessments.",evidence,RASS,pending,Delirium,False,"unknown_relation (subject=RASS, object=Delirium)",yes,,,,,,,,no,undecided,no,,,A-PADIS,PADIS Full: Agitation/Sedation + Delirium (heuristic section window),Adult ICU,"CAM-ICU,RASS,delirium_assessment",0.5,pending
medium,D-049,21,"Apart from the study by Patel et al (312) in which 12% of patients in whom delirium was present during sedative infusion resolved within 2 hours of stopping infusion, no other study informs the question of whether a positive delirium assessment as a result of concomitant sedation affects patient outcome or whether seda- tion merely represents a confounding issue for patient assess- ment.",research_gap,Sedation,pending,Delirium,True,null_effect_or_gap (no directional relation),yes,,,,,,,,no,undecided,no,,,A-PADIS,PADIS Full: Agitation/Sedation + Delirium (heuristic section window),Adult ICU,"CAM-ICU,RASS,delirium_assessment",0.5,pending
medium,D-050,21,"Rationale: One prospective observational study with blinded evaluations enrolled 102 patients (312) and found that out- comes (ICU and hospital LOS, discharge disposition, and 1-yr mortality) were similar between the 12 patients who developed rapidly reversible, sedation-related delirium and the 10 patients who never experienced delirium.",evidence,Sedation,pending,Delirium,True,"unknown_relation (subject=Sedation, object=Delirium)",yes,,,,,,,,no,undecided,no,,,A-PADIS,PADIS Full: Agitation/Sedation + Delirium (heuristic section window),Adult ICU,"CAM-ICU,RASS,delirium_assessment",0.5,pending
medium,D-051,21,"Most patients (n = 80) who had either delirium or not always rapidly reversible delirium had worse outcomes than the patients with rapidly reversible, sedation-related delirium, or who never developed delirium.",evidence,Sedation,pending,Delirium,False,"unknown_relation (subject=Sedation, object=Delirium)",yes,,,,,,,,no,undecided,no,,,A-PADIS,PADIS Full: Agitation/Sedation + Delirium (heuristic section window),Adult ICU,"CAM-ICU,RASS,delirium_assessment",0.5,pending
medium,D-057,22,"Three cohort studies suggest that when statin use is stopped during critical illness, delirium occurrence increases (371–373).",evidence,Sedation,pending,Delirium,False,"unknown_relation (subject=Sedation, object=Delirium)",no,,,,,,,,no,undecided,no,,,A-PADIS,PADIS Full: Agitation/Sedation + Delirium (heuristic section window),Adult ICU,"CAM-ICU,RASS,delirium_assessment",0.5,pending
medium,D-058,22,"One recent large RCT found that a single sub- anesthetic dose of ketamine, administered perioperatively, did not decrease delirium in older adults after major surgery, some of who required admission to the ICU (375).",evidence,Sedation,pending,Delirium,True,"unknown_relation (subject=Sedation, object=Delirium)",no,,,,,,,,no,undecided,no,,,A-PADIS,PADIS Full: Agitation/Sedation + Delirium (heuristic section window),Adult ICU,"CAM-ICU,RASS,delirium_assessment",0.5,pending
medium,D-062,22,"Scheduled IV haloperidol 1 mg q6h, when com- pared with placebo in 60 mechanically ventilated adults, was not associated with a change in delirium incidence, duration, or time to first episode of delirium; days of mechanical ventila- tion; or ICU LOS in critically ill medical and surgical patients (377).",risk_factor_statement,Sedation,pending,Delirium,True,null_effect_or_gap (no directional relation),yes,,,,,,,,no,undecided,no,,,A-PADIS,PADIS Full: Agitation/Sedation + Delirium (heuristic section window),Adult ICU,"CAM-ICU,RASS,delirium_assessment",0.5,pending
medium,D-064,22,"Given these evidence gaps, questionable clinical benefit, and the potential lack of applicability of data from the study by Hakim et al (378) to the entire medical and surgical critically ill popula- tion having a greater severity of illness and different risk factors for delirium, the current recommendation reflects the panel’s concern about the risks of exposing up to 35% of all critically ill adults to antipsychotic therapy (379).",evidence,Sedation,pending,Delirium,False,"unknown_relation (subject=Sedation, object=Delirium)",no,,,,,,,,no,undecided,no,,,A-PADIS,PADIS Full: Agitation/Sedation + Delirium (heuristic section window),Adult ICU,"CAM-ICU,RASS,delirium_assessment",0.5,pending
medium,D-067,22,"A recent randomized trial of critically ill adults, not included in the evidence profile, found that high-dose simv- astatin does not reduce days spent with delirium and coma (385).",evidence,Sedation,pending,Delirium,False,"unknown_relation (subject=Sedation, object=Delirium)",yes,,,,,,,,no,undecided,no,,,A-PADIS,PADIS Full: Agitation/Sedation + Delirium (heuristic section window),Adult ICU,"CAM-ICU,RASS,delirium_assessment",0.5,pending
medium,D-068,22,"No evidence was found to inform a recommendation regarding the use of an NMDA antagonist (e.g., ketamine) for delirium treatment.",evidence,Sedation,pending,Delirium,True,"unknown_relation (subject=Sedation, object=Delirium)",yes,,,,,,,,no,undecided,no,,,A-PADIS,PADIS Full: Agitation/Sedation + Delirium (heuristic section window),Adult ICU,"CAM-ICU,RASS,delirium_assessment",0.5,pending
medium,D-069,22,"This evidence suggests that the use of the typical antipsy- chotic, haloperidol; an atypical antipsychotic (e.g., quetiapine, ziprasidone); or a statin was not associated with a shorter dura- tion of delirium, a reduced duration of mechanical ventilation",evidence,Sedation,pending,Delirium,True,null_effect_or_gap (no directional relation),yes,,,,,,,,no,undecided,no,,,A-PADIS,PADIS Full: Agitation/Sedation + Delirium (heuristic section window),Adult ICU,"CAM-ICU,RASS,delirium_assessment",0.5,pending
medium,D-073,23,"Rationale: The single RCT used to evaluate the role of dex- medetomidine as a treatment for agitation precluding ventilator liberation in patients with delirium screened 21,500 intubated patients from 15 ICUs to enroll the 71 study patients and was ter- minated early because the funding amount (from the manufac- turer of dexmedetomidine) had been used up (386).",evidence,DexmedetomidineExposure,pending,Delirium,False,"unknown_relation (subject=DexmedetomidineExposure, object=Delirium)",yes,,,,,,,,no,undecided,no,,,A-PADIS,PADIS Full: Agitation/Sedation + Delirium (heuristic section window),Adult ICU,"CAM-ICU,RASS,delirium_assessment,dexmedetomidine_exposure",0.5,pending
medium,D-074,23,The role of dexmedetomidine in patients with delirium without agitation or who have agitation that is not preclud- ing ventilator liberation remains unclear.,no_recommendation,DexmedetomidineExposure,pending,Delirium,True,"unknown_relation (subject=DexmedetomidineExposure, object=Delirium)",yes,,,,,,,,no,undecided,no,,,A-PADIS,PADIS Full: Agitation/Sedation + Delirium (heuristic section window),Adult ICU,"CAM-ICU,RASS,delirium_assessment,dexmedetomidine_exposure",0.5,pending
medium,D-075,23,Recommendations regarding choice of sedation in mechanically ventilated criti- cally ill adults in the context of delirium can be found in rec- ommendations about sedative choice.,evidence,Sedation,pending,Delirium,False,"unknown_relation (subject=Sedation, object=Delirium)",no,,,,,,,,no,undecided,no,,,A-PADIS,PADIS Full: Agitation/Sedation + Delirium (heuristic section window),Adult ICU,"CAM-ICU,RASS,delirium_assessment",0.5,pending
medium,D-080,28,"Evidence Gaps: Large, additional studies are required to define the influence of critical illness, delirium, and mechani- cal ventilation on sleep quality.",research_gap,MechanicalVentilation,pending,Delirium,False,null_effect_or_gap (no directional relation),yes,,,,,,,,no,undecided,no,,,A-PADIS,PADIS Full: Agitation/Sedation + Delirium (heuristic section window),Adult ICU,"CAM-ICU,RASS,delirium_assessment,mechanical_ventilation",0.5,pending
medium,D-083,29,"Variability in the presence to those factors (i.e., sedation, sep- sis, and delirium) known to influence abnormal sleep electro- encephalogram patterns likely accounts for the variability in prevalence among studies (438, 440, 457, 476).",evidence,Sedation,pending,Delirium,False,"unknown_relation (subject=Sedation, object=Delirium)",no,,,,,,,,no,undecided,no,,,A-PADIS,PADIS Full: Agitation/Sedation + Delirium (heuristic section window),Adult ICU,"CAM-ICU,RASS,delirium_assessment",0.5,pending
medium,D-084,29,"Factors that have been shown to correlate with sleep disruption in univariate analyses include illness severity (494), delirium (442, 443), hypoxemia and alkalosis (494), receiving a benzodiazepine (442) or propo- fol (464), patient-ventilator asynchrony (454), spontaneous (vs mechanically supported) breathing (452), and a spontaneous mode of ventilation (vs a controlled mode) (472, 495).",evidence,BenzodiazepineExposure,pending,Delirium,False,"unknown_relation (subject=BenzodiazepineExposure, object=Delirium)",yes,,,,,,,,no,undecided,no,,,A-PADIS,PADIS Full: Agitation/Sedation + Delirium (heuristic section window),Adult ICU,"CAM-ICU,RASS,benzodiazepine_exposure,delirium_assessment",0.5,pending
medium,D-086,31,"Evidence Gaps: Available studies cannot fully elucidate the relationship between sleep alterations in the critically ill and important outcomes such as delirium occurrence, duration of mechanical ventilation, ICU LOS, and mortality are inadequate to confirm whether an association exists between the sleep altera- tions seen in the critically ill adults and important outcomes such as delirium occurrence, duration of mechanical ventilation, ICU LOS, and mortality.",research_gap,MechanicalVentilation,pending,Delirium,True,null_effect_or_gap (no directional relation),yes,,,,,,,,no,undecided,no,,,A-PADIS,PADIS Full: Agitation/Sedation + Delirium (heuristic section window),Adult ICU,"CAM-ICU,RASS,delirium_assessment,mechanical_ventilation",0.5,pending
low,D-001,1,"23 Center for Health Services Research, Vanderbilt University Medical Cen- ter, Nashville, TN.DOI: 10.1097/CCM.0000000000003299 Clinical Practice Guidelines for the Prevention and Management of Pain, Agitation/Sedation, Delirium, Immobility, and Sleep Disruption in Adult Patients in the ICU John W.",pending,Sedation,pending,Delirium,False,"unknown_relation (subject=Sedation, object=Delirium)",no,,,,,,,,no,undecided,no,,,A-PADIS,PADIS Full: Agitation/Sedation + Delirium (heuristic section window),Adult ICU,"CAM-ICU,RASS,delirium_assessment",0.5,pending
low,D-002,2,Pandharipande’s institution received funding from Hospira (research grant to purchase study drug [dexmedetomidine] in collaboration with a NIH-funded RO1 study) and disclosed that he is the past president of the American Delirium Society.,evidence,DexmedetomidineExposure,pending,Delirium,False,"unknown_relation (subject=DexmedetomidineExposure, object=Delirium)",no,,,,,,,,no,undecided,no,,,A-PADIS,PADIS Full: Agitation/Sedation + Delirium (heuristic section window),Adult ICU,"CAM-ICU,RASS,delirium_assessment,dexmedetomidine_exposure",0.5,pending
low,D-003,2,"Balas received funding from Select Medical (primary investigator on research study exploring Assess, Prevent, and Manage Pain, Both Spontaneous Awaken- ing Trials and Spontaneous Breathing Trials, Choice of analgesia and sedation, Delirium: Assess, Prevent, and Manage, Early mobility and Exercise, and Family engagement and empowerment bundle adoption).",evidence,Sedation,pending,Delirium,False,"unknown_relation (subject=Sedation, object=Delirium)",no,,,,,,,,no,undecided,no,,,A-PADIS,PADIS Full: Agitation/Sedation + Delirium (heuristic section window),Adult ICU,"CAM-ICU,RASS,delirium_assessment",0.5,pending
low,D-004,2,"For information regarding this article, E-mail: j.devlin@neu.edu Objective: To update and expand the 2013 Clinical Practice Guidelines for the Management of Pain, Agitation, and Delirium in Adult Patients in the ICU.",pending,Agitation,pending,Delirium,False,"unknown_relation (subject=Agitation, object=Delirium)",no,,,,,,,,no,undecided,no,,,A-PADIS,PADIS Full: Agitation/Sedation + Delirium (heuristic section window),Adult ICU,"CAM-ICU,RASS,delirium_assessment",0.5,pending
low,D-005,3,"Methods: Content experts, methodologists, and ICU survivors were represented in each of the five sections of the guidelines: Pain, Agita- tion/sedation, Delirium, Immobility (mobilization/rehabilitation), and Sleep (disruption).",pending,Sedation,pending,Delirium,False,"unknown_relation (subject=Sedation, object=Delirium)",no,,,,,,,,no,undecided,no,,,A-PADIS,PADIS Full: Agitation/Sedation + Delirium (heuristic section window),Adult ICU,"CAM-ICU,RASS,delirium_assessment",0.5,pending
low,D-006,3,"Results: The Pain, Agitation/Sedation, Delirium, Immobility (mobi- lization/rehabilitation), and Sleep (disruption) panel issued 37 recommendations (three strong and 34 conditional), two good practice statements, and 32 ungraded, nonactionable statements.",pending,Sedation,pending,Delirium,False,"unknown_relation (subject=Sedation, object=Delirium)",no,,,,,,,,no,undecided,no,,,A-PADIS,PADIS Full: Agitation/Sedation + Delirium (heuristic section window),Adult ICU,"CAM-ICU,RASS,delirium_assessment",0.5,pending
low,D-009,3,"(Crit Care Med 2018; 46:e825–e873) Key Words: delirium; guidelines; immobility; intensive care; mobilization; pain; sedation; sleep C linical practice guidelines are published, often by pro- fessional societies, because they provide a current and transparently analyzed review of relevant research with the aim to guide clinical practice.",pending,Sedation,pending,Delirium,False,"unknown_relation (subject=Sedation, object=Delirium)",no,,,,,,,,no,undecided,no,,,A-PADIS,PADIS Full: Agitation/Sedation + Delirium (heuristic section window),Adult ICU,"CAM-ICU,RASS,delirium_assessment",0.5,pending
low,D-010,3,"The 2018 Pain, Agitation/ sedation, Delirium, Immobility (rehabilitation/mobilization), and Sleep (disruption) (PADIS) guideline builds on this mis- sion by updating the 2013 Pain, Agitation, and Delirium (PAD) guidelines (1); by adding two inextricably related clinical care topics—rehabilitation/mobilization and sleep; by including patients as collaborators and coauthors; and by inviting an international panel of experts from high-income countries as an early step toward incorporating more dive",pending,Sedation,pending,Delirium,False,"unknown_relation (subject=Sedation, object=Delirium)",no,,,,,,,,no,undecided,no,,,A-PADIS,PADIS Full: Agitation/Sedation + Delirium (heuristic section window),Adult ICU,"CAM-ICU,RASS,delirium_assessment",0.5,pending
low,D-011,7,"Online Special Article Critical Care Medicine www.ccmjournal.org e831 important safety concerns, such as sedation, delirium, respiratory depression, ileus, and immunosuppression, may lengthen ICU LOS and worsen post-ICU patient outcome.",pending,Sedation,pending,Delirium,False,"unknown_relation (subject=Sedation, object=Delirium)",no,,,,,,,,no,undecided,no,,,A-PADIS,PADIS Full: Agitation/Sedation + Delirium (heuristic section window),Adult ICU,"CAM-ICU,RASS,delirium_assessment",0.5,pending
low,D-013,8,"The incidence of side effects (i.e., nausea delir- ium, hallucinations, hypoventilation, pruritus, and sedation) was not different between the ketamine and opioid-alone groups.",pending,OpioidExposure,pending,Delirium,True,"unknown_relation (subject=OpioidExposure, object=Delirium)",no,,,,,,,,no,undecided,no,,,A-PADIS,PADIS Full: Agitation/Sedation + Delirium (heuristic section window),Adult ICU,"CAM-ICU,RASS,delirium_assessment,opioid_exposure",0.5,pending
low,D-020,15,"These included time to extubation, time to light sedation, and delirium, and long-term outcomes such as 90-day mortality, cognitive and physical functioning, institu- tionalization, and psychologic dysfunction.",pending,Sedation,pending,Delirium,False,"unknown_relation (subject=Sedation, object=Delirium)",no,,,,,,,,no,undecided,no,,,A-PADIS,PADIS Full: Agitation/Sedation + Delirium (heuristic section window),Adult ICU,"CAM-ICU,RASS,delirium_assessment",0.5,pending
low,D-028,18,"These factors include the following: older age (250, 264); non-coma level of arousal; neurologic or psychiatric condi- tions including delirium (257, 258, 261, 268); sedative type/ strategy (169, 242, 261, 272); mechanical ventilation use (242, 261, 263); use of invasive devices (246, 250); nurse-to-patient ratio and perceived workload (242, 268, 271); and time of day (249).",pending,MechanicalVentilation,pending,Delirium,False,"unknown_relation (subject=MechanicalVentilation, object=Delirium)",yes,,,,,,,,no,undecided,no,,,A-PADIS,PADIS Full: Agitation/Sedation + Delirium (heuristic section window),Adult ICU,"CAM-ICU,RASS,delirium_assessment,mechanical_ventilation",0.5,pending
low,D-033,19,"Moderate evidence exists showing the following increase the risk for delirium: history of hypertension; admission because of a neurologic disease; trauma; and the use of psychoactive medication (e.g., antipsychotics, anti- convulsants).",pending,Sedation,pending,Delirium,False,"unknown_relation (subject=Sedation, object=Delirium)",yes,,,,,,,,no,undecided,no,,,A-PADIS,PADIS Full: Agitation/Sedation + Delirium (heuristic section window),Adult ICU,"CAM-ICU,RASS,delirium_assessment",0.5,pending
low,D-034,19,See the “Sedation section” for a review on how sedative choice may affect delirium and the “Sleep section” regarding the relationship between sleep and delirium.,pending,Sedation,pending,Delirium,False,"unknown_relation (subject=Sedation, object=Delirium)",no,,,,,,,,no,undecided,no,,,A-PADIS,PADIS Full: Agitation/Sedation + Delirium (heuristic section window),Adult ICU,"CAM-ICU,RASS,delirium_assessment",0.5,pending
low,D-036,19,"Remarks: The previous guidelines provided psychomet- ric appraisals of pain, sedation, and delirium screening tools (1).",pending,Sedation,pending,Delirium,False,"unknown_relation (subject=Sedation, object=Delirium)",no,,,,,,,,no,undecided,no,,,A-PADIS,PADIS Full: Agitation/Sedation + Delirium (heuristic section window),Adult ICU,"CAM-ICU,RASS,delirium_assessment",0.5,pending
low,D-040,20,"Delirium screening using the CAM-ICU or the ICDSC is quick (2–5 min) (284, 286).",pending,CAM_ICU,pending,Delirium,False,"unknown_relation (subject=CAM_ICU, object=Delirium)",no,,,,,,,,no,undecided,no,,,A-PADIS,PADIS Full: Agitation/Sedation + Delirium (heuristic section window),Adult ICU,"CAM-ICU,RASS,delirium_assessment",0.5,pending
low,D-044,21,"Online Special Article Critical Care Medicine www.ccmjournal.org e845 Rationale: Four observational cohort studies have examined delirium assessments at different levels of wakefulness and sedation as assessed by the CAM-ICU, ICDSC, and RASS (312– 315).",evidence,Sedation,pending,Delirium,False,"unknown_relation (subject=Sedation, object=Delirium)",yes,,,,,,,,no,undecided,no,,,A-PADIS,PADIS Full: Agitation/Sedation + Delirium (heuristic section window),Adult ICU,"CAM-ICU,RASS,delirium_assessment",0.5,pending
low,D-047,21,"A total of 12,699 delirium assessments (97% involving the CAM-ICU) were evaluated in patients with a RASS between 0 and –2.",pending,RASS,pending,Delirium,False,"unknown_relation (subject=RASS, object=Delirium)",no,,,,,,,,no,undecided,no,,,A-PADIS,PADIS Full: Agitation/Sedation + Delirium (heuristic section window),Adult ICU,"CAM-ICU,RASS,delirium_assessment",0.5,pending
low,D-053,21,"Rationale: The outcomes deemed critical to this recommen- dation included delirium incidence and duration, duration of mechanical ventilation, length of ICU stay, and mortality.",pending,MechanicalVentilation,pending,Delirium,False,"unknown_relation (subject=MechanicalVentilation, object=Delirium)",yes,,,,,,,,no,undecided,no,,,A-PADIS,PADIS Full: Agitation/Sedation + Delirium (heuristic section window),Adult ICU,"CAM-ICU,RASS,delirium_assessment,mechanical_ventilation",0.5,pending
low,D-055,22,"Devlin et al e846 www.ccmjournal.org September 2018 • Volume 46 • Number 9 evidence profile, found that administration of low-dose IV haloperidol in the ICU until delirium developed did not help prevent delirium or affect 90-day survival (369).",evidence,Sedation,pending,Delirium,True,"unknown_relation (subject=Sedation, object=Delirium)",no,,,,,,,,no,undecided,no,,,A-PADIS,PADIS Full: Agitation/Sedation + Delirium (heuristic section window),Adult ICU,"CAM-ICU,RASS,delirium_assessment",0.5,pending
low,D-061,22,"The outcomes deemed critical to this recommendation included delirium incidence, duration, and severity; duration of mechanical ventilation; ICU LOS; and mortality.",pending,MechanicalVentilation,pending,Delirium,False,"unknown_relation (subject=MechanicalVentilation, object=Delirium)",no,,,,,,,,no,undecided,no,,,A-PADIS,PADIS Full: Agitation/Sedation + Delirium (heuristic section window),Adult ICU,"CAM-ICU,RASS,delirium_assessment,mechanical_ventilation",0.5,pending
low,D-066,22,"Rationale: The outcomes deemed most critical to this ques- tion included delirium duration, duration of mechanical ventilation, ICU LOS, and mortality.",pending,MechanicalVentilation,pending,Delirium,False,"unknown_relation (subject=MechanicalVentilation, object=Delirium)",no,,,,,,,,no,undecided,no,,,A-PADIS,PADIS Full: Agitation/Sedation + Delirium (heuristic section window),Adult ICU,"CAM-ICU,RASS,delirium_assessment,mechanical_ventilation",0.5,pending
low,D-070,23,"Although this recommendation discourages the “routine” use of antipsychotic agents in the treatment of delirium, patients who experience significant distress secondary to symptoms of a delirium such as anxiety, fearfulness, hallucinations, or delusions, or who are agitated and may be physically harmful to them- selves or others, may benefit from short-term use of haloperidol or an atypical antipsychotic until these distressing symptoms resolve based on the panel’s clinical experience.",pending,Sedation,pending,Delirium,False,"unknown_relation (subject=Sedation, object=Delirium)",no,,,,,,,,no,undecided,no,,,A-PADIS,PADIS Full: Agitation/Sedation + Delirium (heuristic section window),Adult ICU,"CAM-ICU,RASS,delirium_assessment",0.5,pending
low,D-077,24,"Given the growing literature in this field and the interplay of rehabilitation/mobilization with pain, agitation, and delirium, this topic was introduced as a new part of the present guideline.",pending,Agitation,pending,Delirium,False,"unknown_relation (subject=Agitation, object=Delirium)",yes,,,,,,,,no,undecided,no,,,A-PADIS,PADIS Full: Agitation/Sedation + Delirium (heuristic section window),Adult ICU,"CAM-ICU,RASS,delirium_assessment",0.5,pending
low,D-079,26,"In addition to emotional distress, sleep disruption has also been hypothesized to contribute to ICU delirium (441–443), prolonged duration of mechanical ventilation (444), deranged immune function (445, 446), and neurocognitive dysfunc- tion.",pending,MechanicalVentilation,pending,Delirium,False,"unknown_relation (subject=MechanicalVentilation, object=Delirium)",no,,,,,,,,no,undecided,no,,,A-PADIS,PADIS Full: Agitation/Sedation + Delirium (heuristic section window),Adult ICU,"CAM-ICU,RASS,delirium_assessment,mechanical_ventilation",0.5,pending
low,D-081,28,"These discor - dances might be due to several factors such as total record- ing time, quality of the recordings, experience of the scorer (awareness of atypical sleep), the criteria used to analyze sleep (i.e., Rechtschaffen et Kales vs Drouot-Watson rules) (457, 475, 476), disease severity, LOS on the day of polysomnogra- phy evaluation, both sedative type and depth of sedation, and whether delirium is present.",pending,Sedation,pending,Delirium,False,"unknown_relation (subject=Sedation, object=Delirium)",no,,,,,,,,no,undecided,no,,,A-PADIS,PADIS Full: Agitation/Sedation + Delirium (heuristic section window),Adult ICU,"CAM-ICU,RASS,delirium_assessment",0.5,pending
low,D-082,29,"When criteria are used to exclude patients with known factors for these abnormal electroencephalogram patterns (e.g., receiv- ing sedative/opioids, having delirium coma or sepsis, or with a history of epilepsy), the prevalence of atypical sleep becomes nonexistent (0%) (464).",pending,OpioidExposure,pending,Delirium,False,"unknown_relation (subject=OpioidExposure, object=Delirium)",no,,,,,,,,no,undecided,no,,,A-PADIS,PADIS Full: Agitation/Sedation + Delirium (heuristic section window),Adult ICU,"CAM-ICU,RASS,delirium_assessment,opioid_exposure",0.5,pending
low,D-085,31,Online Special Article Critical Care Medicine www.ccmjournal.org e855 was associated with shorter delirium duration and greater venti- lator-free days (497).,pending,MechanicalVentilation,associatedWith,Delirium,False,associatedWith (cue: associated with),no,,,,,,,,no,undecided,no,,,A-PADIS,PADIS Full: Agitation/Sedation + Delirium (heuristic section window),Adult ICU,"CAM-ICU,RASS,delirium_assessment,mechanical_ventilation",0.75,pending
