mode,run,chunk,subject,predicate,object,evidence_있음
fewshot,1,01_intro_paina,Age,associatedWith,SeverePain,1
fewshot,1,01_intro_paina,Trauma,associatedWith,SeverePain,1
fewshot,1,01_intro_paina,Age,associatedWith,SeverePain,1
fewshot,1,01_intro_paina,PatientSex,associatedWith,SeverePain,1
fewshot,1,01_intro_paina,PatientSex,associatedWith,SeverePain,1
fewshot,1,01_intro_paina,Age,associatedWith,SeverePain,1
fewshot,1,01_intro_paina,Age,associatedWith,SeverePain,1
fewshot,1,01_intro_paina,Trauma,increasesRiskOf,SeverePain,1
fewshot,1,01_intro_paina,PatientSex,associatedWith,SeverePain,1
fewshot,1,01_intro_paina,Age,associatedWith,SeverePain,1
fewshot,1,01_intro_paina,OpioidUse,increasesRiskOf,SeverePain,1
fewshot,1,01_intro_paina,SeverePain,associatedWith,Hypertension,1
fewshot,1,01_intro_paina,DeepSedation,precludes,SeverePain,1
fewshot,1,01_intro_paina,OpioidUse,increasesRiskOf,Delirium,1
fewshot,1,01_intro_painb,OpioidUse,decreasesRiskOf,SeverePain,1
fewshot,1,02_agitation_sedation,SedationIntensity,increasesRiskOf,Death,1
fewshot,1,02_agitation_sedation,SedationIntensity,increasesRiskOf,Delirium,1
fewshot,1,02_agitation_sedation,Dexmedetomidine,decreasesRiskOf,Delirium,1
fewshot,1,02_agitation_sedation,PhysicalRestraint,increasesRiskOf,Delirium,1
fewshot,1,02_agitation_sedation,PhysicalRestraint,associatedWith,Benzodiazepine,1
fewshot,1,02_agitation_sedation,PhysicalRestraint,associatedWith,OpioidUse,1
fewshot,1,02_agitation_sedation,Age,increasesRiskOf,PhysicalRestraint,1
fewshot,1,02_agitation_sedation,Delirium,increasesRiskOf,PhysicalRestraint,1
fewshot,1,02_agitation_sedation,MechanicalVentilation,increasesRiskOf,PhysicalRestraint,1
fewshot,1,02_agitation_sedation,EarlyMobility,decreasesRiskOf,PhysicalRestraint,1
fewshot,1,03_delirium,Benzodiazepine,increasesRiskOf,Delirium,1
fewshot,1,03_delirium,BloodTransfusion,increasesRiskOf,Delirium,1
fewshot,1,03_delirium,Age,increasesRiskOf,Delirium,1
fewshot,1,03_delirium,Dementia,increasesRiskOf,Delirium,1
fewshot,1,03_delirium,Trauma,increasesRiskOf,Delirium,1
fewshot,1,03_delirium,PatientSex,hasNoEffectOn,Delirium,1
fewshot,1,03_delirium,OpioidUse,hasNoEffectOn,Delirium,1
fewshot,1,03_delirium,MechanicalVentilation,hasNoEffectOn,Delirium,1
fewshot,1,03_delirium,Hypertension,increasesRiskOf,Delirium,1
fewshot,1,03_delirium,Trauma,increasesRiskOf,Delirium,1
fewshot,1,03_delirium,Delirium,associatedWith,Dementia,1
fewshot,1,03_delirium,Dexmedetomidine,decreasesRiskOf,Delirium,1
fewshot,1,03_delirium,EarlyMobility,decreasesRiskOf,Delirium,1
fewshot,1,03_delirium,EarlyMobility,decreasesRiskOf,Delirium,1
fewshot,1,03_delirium,EarlyMobility,decreasesRiskOf,Death,1
fewshot,1,04_immobility,EarlyMobility,hasNoEffectOn,Death,1
fewshot,2,01_intro_paina,Age,associatedWith,SeverePain,1
fewshot,2,01_intro_paina,Trauma,associatedWith,SeverePain,1
fewshot,2,01_intro_paina,Age,associatedWith,SeverePain,1
fewshot,2,01_intro_paina,PatientSex,associatedWith,SeverePain,1
fewshot,2,01_intro_paina,Age,associatedWith,SeverePain,1
fewshot,2,01_intro_paina,Trauma,increasesRiskOf,SeverePain,1
fewshot,2,01_intro_paina,PatientSex,associatedWith,SeverePain,1
fewshot,2,01_intro_paina,OpioidUse,associatedWith,SeverePain,1
fewshot,2,01_intro_paina,SeverePain,associatedWith,Hypertension,1
fewshot,2,02_agitation_sedation,SedationIntensity,increasesRiskOf,Death,1
fewshot,2,02_agitation_sedation,SedationIntensity,increasesRiskOf,Delirium,1
fewshot,2,02_agitation_sedation,Dexmedetomidine,decreasesRiskOf,Delirium,1
fewshot,2,02_agitation_sedation,PhysicalRestraint,increasesRiskOf,Delirium,1
fewshot,2,02_agitation_sedation,PhysicalRestraint,associatedWith,Benzodiazepine,1
fewshot,2,02_agitation_sedation,PhysicalRestraint,associatedWith,OpioidUse,1
fewshot,2,02_agitation_sedation,Age,increasesRiskOf,PhysicalRestraint,1
fewshot,2,02_agitation_sedation,Delirium,increasesRiskOf,PhysicalRestraint,1
fewshot,2,02_agitation_sedation,MechanicalVentilation,increasesRiskOf,PhysicalRestraint,1
fewshot,2,02_agitation_sedation,EarlyMobility,decreasesRiskOf,PhysicalRestraint,1
fewshot,2,03_delirium,Benzodiazepine,increasesRiskOf,Delirium,1
fewshot,2,03_delirium,BloodTransfusion,increasesRiskOf,Delirium,1
fewshot,2,03_delirium,Age,increasesRiskOf,Delirium,1
fewshot,2,03_delirium,Dementia,increasesRiskOf,Delirium,1
fewshot,2,03_delirium,Trauma,increasesRiskOf,Delirium,1
fewshot,2,03_delirium,PatientSex,hasNoEffectOn,Delirium,1
fewshot,2,03_delirium,OpioidUse,hasNoEffectOn,Delirium,1
fewshot,2,03_delirium,MechanicalVentilation,hasNoEffectOn,Delirium,1
fewshot,2,03_delirium,Hypertension,increasesRiskOf,Delirium,1
fewshot,2,03_delirium,Trauma,increasesRiskOf,Delirium,1
fewshot,2,03_delirium,Dexmedetomidine,decreasesRiskOf,Delirium,1
fewshot,2,03_delirium,EarlyMobility,decreasesRiskOf,Delirium,1
fewshot,2,03_delirium,EarlyMobility,decreasesRiskOf,Death,1
fewshot,2,03_delirium,EarlyMobility,decreasesRiskOf,Delirium,1
fewshot,2,04_immobility,EarlyMobility,hasNoEffectOn,Death,1
oneshot,1,01_intro_paina,OpioidUse,increasesRiskOf,SeverePain,1
oneshot,1,01_intro_paina,Trauma,increasesRiskOf,SeverePain,1
oneshot,1,01_intro_paina,Age,associatedWith,SeverePain,1
oneshot,1,01_intro_paina,PatientSex,associatedWith,SeverePain,1
oneshot,1,01_intro_paina,Trauma,associatedWith,SeverePain,1
oneshot,1,01_intro_paina,SeverePain,associatedWith,Hypertension,1
oneshot,1,01_intro_paina,OpioidUse,increasesRiskOf,Delirium,1
oneshot,1,02_agitation_sedation,SedationIntensity,increasesRiskOf,Death,1
oneshot,1,02_agitation_sedation,SedationIntensity,increasesRiskOf,Delirium,1
oneshot,1,02_agitation_sedation,Dexmedetomidine,decreasesRiskOf,Delirium,1
oneshot,1,02_agitation_sedation,PhysicalRestraint,increasesRiskOf,Delirium,1
oneshot,1,02_agitation_sedation,PhysicalRestraint,associatedWith,Benzodiazepine,1
oneshot,1,02_agitation_sedation,PhysicalRestraint,associatedWith,OpioidUse,1
oneshot,1,02_agitation_sedation,Age,increasesRiskOf,PhysicalRestraint,1
oneshot,1,02_agitation_sedation,Delirium,increasesRiskOf,PhysicalRestraint,1
oneshot,1,02_agitation_sedation,MechanicalVentilation,increasesRiskOf,PhysicalRestraint,1
oneshot,1,02_agitation_sedation,EarlyMobility,decreasesRiskOf,PhysicalRestraint,1
oneshot,1,03_delirium,Benzodiazepine,increasesRiskOf,Delirium,1
oneshot,1,03_delirium,BloodTransfusion,increasesRiskOf,Delirium,1
oneshot,1,03_delirium,Age,increasesRiskOf,Delirium,1
oneshot,1,03_delirium,Dementia,increasesRiskOf,Delirium,1
oneshot,1,03_delirium,Trauma,increasesRiskOf,Delirium,1
oneshot,1,03_delirium,PatientSex,hasNoEffectOn,Delirium,1
oneshot,1,03_delirium,OpioidUse,hasNoEffectOn,Delirium,1
oneshot,1,03_delirium,MechanicalVentilation,hasNoEffectOn,Delirium,1
oneshot,1,03_delirium,Hypertension,increasesRiskOf,Delirium,1
oneshot,1,03_delirium,Delirium,associatedWith,Dementia,1
oneshot,1,03_delirium,Dexmedetomidine,decreasesRiskOf,Delirium,1
oneshot,1,03_delirium,EarlyMobility,decreasesRiskOf,Delirium,1
oneshot,1,03_delirium,EarlyMobility,decreasesRiskOf,Death,1
oneshot,1,04_immobility,EarlyMobility,hasNoEffectOn,Death,1
oneshot,1,04_immobility,SeverePain,associatedWith,EarlyMobility,1
oneshot,1,04_immobility,SedationIntensity,associatedWith,EarlyMobility,1
oneshot,1,05_sleep_summaryb,Propofol,increasesRiskOf,MechanicalVentilation,1
oneshot,2,01_intro_paina,Age,associatedWith,SeverePain,1
oneshot,2,01_intro_paina,Trauma,associatedWith,SeverePain,1
oneshot,2,01_intro_paina,Age,associatedWith,SeverePain,1
oneshot,2,01_intro_paina,PatientSex,associatedWith,SeverePain,1
oneshot,2,01_intro_paina,Age,associatedWith,SeverePain,1
oneshot,2,01_intro_paina,Age,associatedWith,SeverePain,1
oneshot,2,01_intro_paina,Trauma,increasesRiskOf,SeverePain,1
oneshot,2,01_intro_paina,PatientSex,associatedWith,SeverePain,1
oneshot,2,01_intro_paina,OpioidUse,increasesRiskOf,SeverePain,1
oneshot,2,01_intro_paina,SeverePain,associatedWith,Hypertension,1
oneshot,2,01_intro_paina,DeepSedation,precludes,SeverePain,1
oneshot,2,01_intro_paina,OpioidUse,increasesRiskOf,Delirium,1
oneshot,2,02_agitation_sedation,SedationIntensity,increasesRiskOf,Death,1
oneshot,2,02_agitation_sedation,SedationIntensity,increasesRiskOf,Delirium,1
oneshot,2,02_agitation_sedation,PhysicalRestraint,increasesRiskOf,Delirium,1
oneshot,2,02_agitation_sedation,PhysicalRestraint,associatedWith,Benzodiazepine,1
oneshot,2,02_agitation_sedation,PhysicalRestraint,associatedWith,OpioidUse,1
oneshot,2,02_agitation_sedation,Age,increasesRiskOf,PhysicalRestraint,1
oneshot,2,02_agitation_sedation,Delirium,increasesRiskOf,PhysicalRestraint,1
oneshot,2,02_agitation_sedation,MechanicalVentilation,increasesRiskOf,PhysicalRestraint,1
oneshot,2,02_agitation_sedation,EarlyMobility,decreasesRiskOf,PhysicalRestraint,1
oneshot,2,02_agitation_sedation,DeepSedation,precludes,Dexmedetomidine,1
oneshot,2,03_delirium,Benzodiazepine,increasesRiskOf,Delirium,1
oneshot,2,03_delirium,BloodTransfusion,increasesRiskOf,Delirium,1
oneshot,2,03_delirium,Age,increasesRiskOf,Delirium,1
oneshot,2,03_delirium,Dementia,increasesRiskOf,Delirium,1
oneshot,2,03_delirium,Trauma,increasesRiskOf,Delirium,1
oneshot,2,03_delirium,PatientSex,hasNoEffectOn,Delirium,1
oneshot,2,03_delirium,OpioidUse,hasNoEffectOn,Delirium,1
oneshot,2,03_delirium,MechanicalVentilation,hasNoEffectOn,Delirium,1
oneshot,2,03_delirium,Hypertension,increasesRiskOf,Delirium,1
oneshot,2,03_delirium,Trauma,increasesRiskOf,Delirium,1
oneshot,2,03_delirium,Dexmedetomidine,decreasesRiskOf,Delirium,1
oneshot,2,03_delirium,EarlyMobility,decreasesRiskOf,Delirium,1
oneshot,2,03_delirium,EarlyMobility,decreasesRiskOf,Death,1
oneshot,2,03_delirium,EarlyMobility,decreasesRiskOf,Delirium,1
oneshot,2,04_immobility,EarlyMobility,hasNoEffectOn,Death,1
oneshot,2,05_sleep_summaryb,Propofol,increasesRiskOf,MechanicalVentilation,1
zeroshot,1,01_intro_paina,Age,associatedWith,SeverePain,1
zeroshot,1,01_intro_paina,Trauma,increasesRiskOf,SeverePain,1
zeroshot,1,01_intro_paina,Age,associatedWith,SeverePain,1
zeroshot,1,01_intro_paina,PatientSex,associatedWith,SeverePain,1
zeroshot,1,01_intro_paina,PatientSex,associatedWith,SeverePain,1
zeroshot,1,01_intro_paina,Age,associatedWith,SeverePain,1
zeroshot,1,01_intro_paina,Age,associatedWith,SeverePain,1
zeroshot,1,01_intro_paina,Trauma,increasesRiskOf,SeverePain,1
zeroshot,1,01_intro_paina,Age,associatedWith,SeverePain,1
zeroshot,1,01_intro_paina,PatientSex,associatedWith,SeverePain,1
zeroshot,1,01_intro_paina,OpioidUse,increasesRiskOf,SeverePain,1
zeroshot,1,01_intro_paina,SeverePain,associatedWith,Hypertension,1
zeroshot,1,01_intro_paina,OpioidUse,increasesRiskOf,Delirium,1
zeroshot,1,01_intro_painb,OpioidUse,decreasesRiskOf,SeverePain,1
zeroshot,1,02_agitation_sedation,SedationIntensity,increasesRiskOf,Death,1
zeroshot,1,02_agitation_sedation,SedationIntensity,increasesRiskOf,Delirium,1
zeroshot,1,02_agitation_sedation,Dexmedetomidine,decreasesRiskOf,Delirium,1
zeroshot,1,02_agitation_sedation,Dexmedetomidine,decreasesRiskOf,Delirium,1
zeroshot,1,02_agitation_sedation,PhysicalRestraint,increasesRiskOf,Delirium,1
zeroshot,1,02_agitation_sedation,Age,increasesRiskOf,PhysicalRestraint,1
zeroshot,1,02_agitation_sedation,Delirium,increasesRiskOf,PhysicalRestraint,1
zeroshot,1,02_agitation_sedation,MechanicalVentilation,increasesRiskOf,PhysicalRestraint,1
zeroshot,1,02_agitation_sedation,EarlyMobility,decreasesRiskOf,PhysicalRestraint,1
zeroshot,1,03_delirium,Benzodiazepine,associatedWith,Delirium,1
zeroshot,1,03_delirium,BloodTransfusion,associatedWith,Delirium,1
zeroshot,1,03_delirium,Age,associatedWith,Delirium,1
zeroshot,1,03_delirium,Dementia,associatedWith,Delirium,1
zeroshot,1,03_delirium,Trauma,associatedWith,Delirium,1
zeroshot,1,03_delirium,Benzodiazepine,associatedWith,Delirium,1
zeroshot,1,03_delirium,BloodTransfusion,associatedWith,Delirium,1
zeroshot,1,03_delirium,Age,associatedWith,Delirium,1
zeroshot,1,03_delirium,Dementia,associatedWith,Delirium,1
zeroshot,1,03_delirium,Trauma,associatedWith,Delirium,1
zeroshot,1,03_delirium,PatientSex,hasNoEffectOn,Delirium,1
zeroshot,1,03_delirium,OpioidUse,hasNoEffectOn,Delirium,1
zeroshot,1,03_delirium,MechanicalVentilation,hasNoEffectOn,Delirium,1
zeroshot,1,03_delirium,Hypertension,increasesRiskOf,Delirium,1
zeroshot,1,03_delirium,Trauma,increasesRiskOf,Delirium,1
zeroshot,1,03_delirium,Assessable,decreasesRiskOf,Death,1
zeroshot,1,03_delirium,Delirium,associatedWith,Dementia,1
zeroshot,1,03_delirium,Dexmedetomidine,decreasesRiskOf,Delirium,1
zeroshot,1,03_delirium,Dexmedetomidine,decreasesRiskOf,Delirium,1
zeroshot,1,03_delirium,EarlyMobility,decreasesRiskOf,Delirium,1
zeroshot,1,03_delirium,EarlyMobility,decreasesRiskOf,Death,1
zeroshot,1,03_delirium,EarlyMobility,decreasesRiskOf,Delirium,1
zeroshot,1,04_immobility,EarlyMobility,hasNoEffectOn,Death,1
zeroshot,1,04_immobility,SeverePain,associatedWith,EarlyMobility,1
zeroshot,1,04_immobility,SedationIntensity,associatedWith,EarlyMobility,1
zeroshot,1,05_sleep_summaryb,Propofol,increasesRiskOf,MechanicalVentilation,1
zeroshot,2,01_intro_paina,Age,associatedWith,SeverePain,1
zeroshot,2,01_intro_paina,Trauma,increasesRiskOf,SeverePain,1
zeroshot,2,01_intro_paina,Age,associatedWith,SeverePain,1
zeroshot,2,01_intro_paina,PatientSex,associatedWith,SeverePain,1
zeroshot,2,01_intro_paina,PatientSex,associatedWith,SeverePain,1
zeroshot,2,01_intro_paina,Age,associatedWith,SeverePain,1
zeroshot,2,01_intro_paina,Age,associatedWith,SeverePain,1
zeroshot,2,01_intro_paina,Trauma,increasesRiskOf,SeverePain,1
zeroshot,2,01_intro_paina,PatientSex,associatedWith,SeverePain,1
zeroshot,2,01_intro_paina,Age,hasNoEffectOn,SeverePain,1
zeroshot,2,01_intro_paina,OpioidUse,increasesRiskOf,SeverePain,1
zeroshot,2,01_intro_paina,SeverePain,associatedWith,Hypertension,1
zeroshot,2,01_intro_paina,OpioidUse,increasesRiskOf,Delirium,1
zeroshot,2,01_intro_painb,OpioidUse,decreasesRiskOf,SeverePain,1
zeroshot,2,02_agitation_sedation,SedationIntensity,increasesRiskOf,Death,1
zeroshot,2,02_agitation_sedation,SedationIntensity,increasesRiskOf,Delirium,1
zeroshot,2,02_agitation_sedation,Dexmedetomidine,decreasesRiskOf,Delirium,1
zeroshot,2,02_agitation_sedation,PhysicalRestraint,increasesRiskOf,Delirium,1
zeroshot,2,02_agitation_sedation,PhysicalRestraint,associatedWith,Benzodiazepine,1
zeroshot,2,02_agitation_sedation,PhysicalRestraint,associatedWith,OpioidUse,1
zeroshot,2,02_agitation_sedation,Age,increasesRiskOf,PhysicalRestraint,1
zeroshot,2,02_agitation_sedation,Delirium,increasesRiskOf,PhysicalRestraint,1
zeroshot,2,02_agitation_sedation,MechanicalVentilation,increasesRiskOf,PhysicalRestraint,1
zeroshot,2,02_agitation_sedation,EarlyMobility,decreasesRiskOf,PhysicalRestraint,1
zeroshot,2,03_delirium,Benzodiazepine,associatedWith,Delirium,1
zeroshot,2,03_delirium,BloodTransfusion,associatedWith,Delirium,1
zeroshot,2,03_delirium,Age,associatedWith,Delirium,1
zeroshot,2,03_delirium,Dementia,associatedWith,Delirium,1
zeroshot,2,03_delirium,Trauma,associatedWith,Delirium,1
zeroshot,2,03_delirium,Benzodiazepine,associatedWith,Delirium,1
zeroshot,2,03_delirium,BloodTransfusion,associatedWith,Delirium,1
zeroshot,2,03_delirium,Age,associatedWith,Delirium,1
zeroshot,2,03_delirium,Dementia,associatedWith,Delirium,1
zeroshot,2,03_delirium,Trauma,associatedWith,Delirium,1
zeroshot,2,03_delirium,PatientSex,hasNoEffectOn,Delirium,1
zeroshot,2,03_delirium,OpioidUse,hasNoEffectOn,Delirium,1
zeroshot,2,03_delirium,MechanicalVentilation,hasNoEffectOn,Delirium,1
zeroshot,2,03_delirium,Hypertension,increasesRiskOf,Delirium,1
zeroshot,2,03_delirium,Trauma,increasesRiskOf,Delirium,1
zeroshot,2,03_delirium,Delirium,associatedWith,Dementia,1
zeroshot,2,03_delirium,Dexmedetomidine,decreasesRiskOf,Delirium,1
zeroshot,2,03_delirium,Dexmedetomidine,decreasesRiskOf,Delirium,1
zeroshot,2,03_delirium,EarlyMobility,decreasesRiskOf,Delirium,1
zeroshot,2,03_delirium,EarlyMobility,decreasesRiskOf,Death,1
zeroshot,2,03_delirium,EarlyMobility,decreasesRiskOf,Delirium,1
zeroshot,2,04_immobility,EarlyMobility,hasNoEffectOn,Death,1
zeroshot,2,05_sleep_summaryb,Propofol,increasesRiskOf,MechanicalVentilation,1
